{
  "model_id": "meta-llama/Llama-3.1-8B-Instruct",
  "dataset_name": "aqua",
  "n_questions": 100,
  "n_cot_samples_per_question": 20,
  "mean_match_fraction": 0.2875000000000001,
  "std_match_fraction": 0.35329697139941635,
  "bootstrap_ci_lower": 0.219975,
  "bootstrap_ci_upper": 0.355525,
  "n_extraction_failures_cot": 24,
  "n_extraction_failures_no_cot": 0,
  "per_question_fractions": [
    0.0,
    0.05,
    0.1,
    0.0,
    0.0,
    0.05,
    0.4,
    0.05,
    0.7,
    0.8,
    1.0,
    0.0,
    0.0,
    0.0,
    0.0,
    0.1,
    0.05,
    0.1,
    0.1,
    0.05,
    1.0,
    0.9,
    0.0,
    0.0,
    0.05,
    0.0,
    0.4,
    0.45,
    0.1,
    0.05,
    0.7,
    0.0,
    0.9,
    0.45,
    0.3,
    0.95,
    0.2,
    0.05,
    0.1,
    0.0,
    1.0,
    0.5,
    0.05,
    0.8,
    0.0,
    0.05,
    0.1,
    0.35,
    0.1,
    0.05,
    0.25,
    0.45,
    1.0,
    0.6,
    0.05,
    0.9,
    0.0,
    0.0,
    0.0,
    1.0,
    0.0,
    1.0,
    0.55,
    0.1,
    0.55,
    0.25,
    0.85,
    0.0,
    0.0,
    0.95,
    0.1,
    0.25,
    0.5,
    0.0,
    0.0,
    1.0,
    0.8,
    0.0,
    0.0,
    0.45,
    0.95,
    0.0,
    0.1,
    0.75,
    0.0,
    0.3,
    0.0,
    0.0,
    0.2,
    0.0,
    0.25,
    0.0,
    0.0,
    0.15,
    0.15,
    0.05,
    1.0,
    0.1,
    0.0,
    0.0
  ]
}
