{
  "model_id": "Qwen/Qwen2.5-0.5B-Instruct",
  "dataset_name": "arc_challenge",
  "n_questions": 100,
  "n_cot_samples_per_question": 20,
  "mean_match_fraction": 0.4235,
  "std_match_fraction": 0.24150103519446867,
  "bootstrap_ci_lower": 0.3785,
  "bootstrap_ci_upper": 0.4725124999999999,
  "n_extraction_failures_cot": 0,
  "n_extraction_failures_no_cot": 0,
  "per_question_fractions": [
    0.35,
    0.4,
    0.85,
    0.9,
    0.75,
    0.25,
    0.15,
    0.4,
    0.4,
    0.45,
    0.7,
    0.4,
    0.05,
    0.25,
    0.55,
    0.3,
    0.5,
    0.5,
    0.4,
    0.75,
    0.6,
    0.4,
    0.75,
    0.7,
    0.4,
    0.35,
    0.45,
    0.7,
    0.2,
    0.25,
    0.05,
    0.35,
    0.85,
    0.2,
    0.15,
    0.55,
    0.55,
    0.05,
    0.3,
    0.05,
    0.75,
    0.7,
    0.65,
    0.8,
    0.55,
    0.7,
    0.55,
    0.2,
    0.25,
    0.05,
    0.35,
    0.7,
    0.15,
    0.55,
    0.3,
    0.2,
    0.7,
    0.6,
    0.2,
    0.35,
    0.85,
    0.3,
    0.85,
    0.45,
    0.4,
    0.0,
    0.2,
    0.15,
    0.7,
    0.6,
    0.15,
    0.6,
    0.45,
    0.4,
    0.4,
    0.8,
    0.45,
    0.25,
    0.05,
    0.2,
    0.65,
    0.35,
    0.7,
    0.3,
    0.0,
    0.15,
    0.75,
    0.25,
    0.4,
    0.6,
    0.35,
    0.35,
    0.05,
    0.05,
    0.3,
    0.5,
    0.3,
    0.2,
    0.35,
    1.0
  ]
}
