{
  "model_id": "Qwen/Qwen2.5-1.5B-Instruct",
  "dataset_name": "openbookqa",
  "n_questions": 100,
  "n_cot_samples_per_question": 20,
  "mean_match_fraction": 0.20699999999999996,
  "std_match_fraction": 0.31000161289902994,
  "bootstrap_ci_lower": 0.1465,
  "bootstrap_ci_upper": 0.271,
  "n_extraction_failures_cot": 1,
  "n_extraction_failures_no_cot": 0,
  "per_question_fractions": [
    0.0,
    0.05,
    0.0,
    0.1,
    0.95,
    0.0,
    0.0,
    0.0,
    0.15,
    0.05,
    0.25,
    0.75,
    0.15,
    0.0,
    0.0,
    0.8,
    0.2,
    0.3,
    0.75,
    0.05,
    0.0,
    0.0,
    0.1,
    0.4,
    0.15,
    0.15,
    0.0,
    0.85,
    0.0,
    0.8,
    0.0,
    0.95,
    0.0,
    0.0,
    0.0,
    0.0,
    0.0,
    0.0,
    0.0,
    0.85,
    0.8,
    0.2,
    0.0,
    0.9,
    0.0,
    0.35,
    0.0,
    0.1,
    0.6,
    0.15,
    0.0,
    0.85,
    0.0,
    0.0,
    0.6,
    0.4,
    0.0,
    0.0,
    0.0,
    0.0,
    0.0,
    0.45,
    1.0,
    0.0,
    0.95,
    0.85,
    0.15,
    0.0,
    0.0,
    0.05,
    0.0,
    0.0,
    0.05,
    0.0,
    0.55,
    0.05,
    0.05,
    0.0,
    0.0,
    0.0,
    0.5,
    0.7,
    0.5,
    0.0,
    0.0,
    0.15,
    0.0,
    0.0,
    0.55,
    0.05,
    0.1,
    0.0,
    0.0,
    0.0,
    0.0,
    0.1,
    0.0,
    0.0,
    0.15,
    0.0
  ]
}
