{
  "model_id": "Qwen/Qwen2.5-32B-Instruct",
  "dataset_name": "aqua",
  "n_questions": 100,
  "n_cot_samples_per_question": 20,
  "mean_match_fraction": 0.6222222222222222,
  "std_match_fraction": 0.4475083782423318,
  "bootstrap_ci_lower": 0.5318055555555556,
  "bootstrap_ci_upper": 0.7106186868686868,
  "n_extraction_failures_cot": 0,
  "n_extraction_failures_no_cot": 1,
  "per_question_fractions": [
    0.0,
    0.0,
    1.0,
    0.35,
    0.0,
    0.0,
    1.0,
    0.35,
    0.0,
    1.0,
    0.0,
    1.0,
    1.0,
    1.0,
    1.0,
    1.0,
    1.0,
    1.0,
    0.1,
    1.0,
    1.0,
    1.0,
    1.0,
    1.0,
    0.3,
    0.95,
    1.0,
    0.8,
    0.0,
    0.8,
    0.05,
    0.6,
    1.0,
    1.0,
    1.0,
    0.2,
    1.0,
    0.0,
    1.0,
    1.0,
    0.0,
    1.0,
    0.0,
    1.0,
    0.0,
    1.0,
    0.8,
    0.4,
    1.0,
    0.05,
    0.0,
    1.0,
    0.2,
    1.0,
    1.0,
    1.0,
    1.0,
    0.0,
    1.0,
    1.0,
    1.0,
    0.15,
    1.0,
    1.0,
    0.2,
    0.7,
    0.95,
    1.0,
    1.0,
    0.6,
    0.1,
    0.0,
    0.0,
    1.0,
    1.0,
    0.0,
    0.95,
    1.0,
    0.05,
    1.0,
    1.0,
    0.0,
    0.0,
    1.0,
    0.05,
    1.0,
    0.0,
    0.0,
    1.0,
    1.0,
    1.0,
    1.0,
    0.1,
    1.0,
    0.0,
    1.0,
    0.8,
    0.0,
    0.0
  ]
}
