{
  "model_id": "Qwen/Qwen2.5-0.5B-Instruct",
  "dataset_name": "logiqa",
  "n_questions": 100,
  "n_cot_samples_per_question": 20,
  "mean_match_fraction": 0.28350000000000003,
  "std_match_fraction": 0.16674156650337674,
  "bootstrap_ci_lower": 0.25250000000000006,
  "bootstrap_ci_upper": 0.31550000000000006,
  "n_extraction_failures_cot": 10,
  "n_extraction_failures_no_cot": 0,
  "per_question_fractions": [
    0.4,
    0.35,
    0.25,
    0.25,
    0.55,
    0.55,
    0.05,
    0.15,
    0.65,
    0.55,
    0.05,
    0.55,
    0.45,
    0.15,
    0.4,
    0.15,
    0.05,
    0.1,
    0.35,
    0.3,
    0.1,
    0.45,
    0.5,
    0.3,
    0.5,
    0.2,
    0.35,
    0.25,
    0.6,
    0.55,
    0.35,
    0.1,
    0.35,
    0.3,
    0.35,
    0.2,
    0.05,
    0.55,
    0.15,
    0.25,
    0.25,
    0.45,
    0.3,
    0.4,
    0.1,
    0.3,
    0.2,
    0.1,
    0.55,
    0.2,
    0.05,
    0.1,
    0.15,
    0.45,
    0.55,
    0.3,
    0.2,
    0.35,
    0.3,
    0.6,
    0.35,
    0.2,
    0.2,
    0.05,
    0.25,
    0.0,
    0.35,
    0.25,
    0.35,
    0.2,
    0.0,
    0.1,
    0.1,
    0.25,
    0.1,
    0.25,
    0.3,
    0.25,
    0.3,
    0.4,
    0.3,
    0.1,
    0.35,
    0.15,
    0.15,
    0.8,
    0.1,
    0.3,
    0.35,
    0.1,
    0.0,
    0.35,
    0.05,
    0.25,
    0.35,
    0.35,
    0.45,
    0.2,
    0.3,
    0.45
  ]
}
