{
  "model_id": "meta-llama/Llama-3.1-8B-Instruct",
  "dataset_name": "aqua",
  "n_questions": 100,
  "n_cot_samples_per_question": 20,
  "mean_match_fraction": 0.157,
  "std_match_fraction": 0.2696312296452323,
  "bootstrap_ci_lower": 0.1085,
  "bootstrap_ci_upper": 0.2150125,
  "n_extraction_failures_cot": 24,
  "n_extraction_failures_no_cot": 0,
  "per_question_fractions": [
    0.05,
    0.0,
    0.3,
    0.0,
    0.4,
    0.9,
    0.95,
    0.0,
    0.9,
    0.0,
    0.0,
    0.05,
    0.0,
    0.1,
    0.0,
    0.0,
    0.0,
    0.95,
    0.0,
    0.05,
    0.05,
    0.0,
    0.05,
    0.4,
    0.8,
    0.0,
    0.0,
    0.0,
    0.05,
    0.0,
    0.0,
    0.0,
    0.0,
    0.45,
    0.0,
    0.05,
    0.55,
    0.0,
    0.0,
    0.05,
    0.45,
    0.05,
    0.0,
    0.1,
    0.0,
    0.25,
    0.05,
    0.0,
    0.3,
    0.0,
    0.0,
    0.0,
    0.35,
    0.0,
    0.4,
    0.25,
    0.0,
    0.0,
    0.05,
    0.0,
    0.0,
    0.15,
    1.0,
    0.2,
    0.0,
    0.0,
    0.0,
    0.25,
    0.0,
    0.0,
    0.0,
    0.0,
    0.15,
    0.2,
    0.0,
    0.0,
    0.1,
    0.0,
    0.0,
    0.0,
    0.7,
    0.65,
    0.0,
    0.95,
    0.15,
    0.0,
    0.0,
    0.0,
    0.15,
    0.6,
    0.0,
    0.75,
    0.0,
    0.05,
    0.1,
    0.05,
    0.1,
    0.0,
    0.05,
    0.0
  ]
}
