{
  "model_id": "Qwen/Qwen2.5-14B-Instruct",
  "dataset_name": "aqua",
  "n_questions": 100,
  "n_cot_samples_per_question": 20,
  "mean_match_fraction": 0.5434343434343434,
  "std_match_fraction": 0.4613138058929054,
  "bootstrap_ci_lower": 0.4510101010101011,
  "bootstrap_ci_upper": 0.6328661616161616,
  "n_extraction_failures_cot": 0,
  "n_extraction_failures_no_cot": 1,
  "per_question_fractions": [
    0.0,
    1.0,
    0.0,
    0.2,
    0.0,
    0.05,
    1.0,
    0.1,
    0.1,
    0.95,
    0.0,
    1.0,
    0.0,
    1.0,
    1.0,
    0.0,
    1.0,
    1.0,
    0.0,
    1.0,
    1.0,
    1.0,
    1.0,
    1.0,
    0.25,
    0.95,
    0.95,
    0.05,
    0.0,
    0.5,
    0.0,
    0.85,
    1.0,
    1.0,
    1.0,
    0.0,
    1.0,
    1.0,
    0.2,
    1.0,
    0.0,
    0.95,
    0.0,
    1.0,
    1.0,
    0.0,
    0.35,
    0.25,
    0.95,
    0.7,
    0.0,
    1.0,
    0.0,
    1.0,
    0.0,
    0.0,
    0.0,
    0.0,
    1.0,
    1.0,
    1.0,
    0.45,
    1.0,
    1.0,
    0.15,
    0.0,
    1.0,
    0.0,
    1.0,
    0.0,
    0.65,
    0.0,
    0.0,
    1.0,
    1.0,
    1.0,
    0.95,
    1.0,
    0.2,
    1.0,
    1.0,
    0.4,
    0.0,
    0.0,
    0.0,
    0.95,
    0.0,
    0.0,
    1.0,
    0.55,
    1.0,
    1.0,
    0.15,
    1.0,
    1.0,
    1.0,
    0.0,
    0.0,
    0.0
  ]
}
