{
  "model_id": "Qwen/Qwen2.5-3B-Instruct",
  "dataset_name": "aqua",
  "n_questions": 100,
  "n_cot_samples_per_question": 20,
  "mean_match_fraction": 0.353,
  "std_match_fraction": 0.39464034259056685,
  "bootstrap_ci_lower": 0.27798750000000005,
  "bootstrap_ci_upper": 0.42906249999999996,
  "n_extraction_failures_cot": 0,
  "n_extraction_failures_no_cot": 0,
  "per_question_fractions": [
    0.05,
    0.05,
    0.0,
    0.0,
    0.0,
    0.0,
    1.0,
    0.4,
    0.6,
    0.65,
    1.0,
    1.0,
    0.0,
    1.0,
    0.0,
    0.05,
    0.95,
    0.05,
    0.05,
    0.9,
    0.95,
    0.95,
    0.0,
    0.0,
    0.1,
    0.65,
    0.0,
    0.7,
    0.0,
    0.2,
    0.05,
    0.35,
    0.0,
    0.15,
    0.05,
    0.5,
    0.05,
    1.0,
    0.95,
    0.35,
    1.0,
    0.0,
    0.0,
    0.1,
    0.0,
    0.0,
    0.1,
    0.65,
    0.3,
    0.0,
    0.8,
    0.3,
    1.0,
    0.25,
    0.0,
    0.8,
    0.05,
    1.0,
    1.0,
    1.0,
    0.0,
    1.0,
    0.35,
    0.05,
    0.25,
    0.25,
    0.05,
    0.95,
    0.0,
    0.5,
    0.35,
    0.2,
    0.3,
    0.0,
    0.0,
    1.0,
    0.2,
    0.0,
    1.0,
    0.1,
    0.0,
    0.0,
    0.55,
    0.0,
    0.0,
    0.35,
    0.1,
    0.0,
    0.0,
    1.0,
    0.05,
    0.0,
    0.1,
    0.05,
    1.0,
    0.95,
    1.0,
    0.15,
    0.35,
    0.0
  ]
}
