{
  "model_id": "Qwen/Qwen2.5-1.5B-Instruct",
  "dataset_name": "aqua",
  "n_questions": 100,
  "n_cot_samples_per_question": 20,
  "mean_match_fraction": 0.295959595959596,
  "std_match_fraction": 0.3148413716089492,
  "bootstrap_ci_lower": 0.23380050505050515,
  "bootstrap_ci_upper": 0.36011363636363636,
  "n_extraction_failures_cot": 12,
  "n_extraction_failures_no_cot": 1,
  "per_question_fractions": [
    0.0,
    0.35,
    0.6,
    0.0,
    0.05,
    0.8,
    0.15,
    0.1,
    0.1,
    0.3,
    0.0,
    0.6,
    0.95,
    1.0,
    0.0,
    0.1,
    0.45,
    0.05,
    0.1,
    0.35,
    0.65,
    0.9,
    0.05,
    0.05,
    0.4,
    0.4,
    0.1,
    0.1,
    0.15,
    0.0,
    0.2,
    0.2,
    0.8,
    0.05,
    0.5,
    0.1,
    0.95,
    0.0,
    0.2,
    0.0,
    0.0,
    0.7,
    0.0,
    0.9,
    0.05,
    0.45,
    0.05,
    0.1,
    0.2,
    0.2,
    0.25,
    0.85,
    0.2,
    0.05,
    0.85,
    0.65,
    0.0,
    0.0,
    1.0,
    0.05,
    0.1,
    0.25,
    0.05,
    0.55,
    0.05,
    0.3,
    0.95,
    0.0,
    0.45,
    0.15,
    0.05,
    0.3,
    0.0,
    0.65,
    1.0,
    0.05,
    0.65,
    0.65,
    0.45,
    0.05,
    0.0,
    0.4,
    0.0,
    0.0,
    0.15,
    0.65,
    0.05,
    0.35,
    0.35,
    0.05,
    0.0,
    0.1,
    0.3,
    0.0,
    0.0,
    1.0,
    0.6,
    0.2,
    0.0
  ]
}
