{
  "model_id": "meta-llama/Llama-3.1-8B-Instruct",
  "dataset_name": "logiqa",
  "n_questions": 100,
  "n_cot_samples_per_question": 20,
  "mean_match_fraction": 0.5055000000000001,
  "std_match_fraction": 0.3304462891303215,
  "bootstrap_ci_lower": 0.43848750000000003,
  "bootstrap_ci_upper": 0.5690125,
  "n_extraction_failures_cot": 8,
  "n_extraction_failures_no_cot": 0,
  "per_question_fractions": [
    0.6,
    0.95,
    0.1,
    0.9,
    1.0,
    0.55,
    0.25,
    0.0,
    0.25,
    0.2,
    0.05,
    0.8,
    1.0,
    0.65,
    0.95,
    0.3,
    0.15,
    0.05,
    0.95,
    1.0,
    0.85,
    0.05,
    0.75,
    0.2,
    0.25,
    0.1,
    0.45,
    1.0,
    0.0,
    0.7,
    0.45,
    0.15,
    0.65,
    0.7,
    0.0,
    0.3,
    0.15,
    0.75,
    0.85,
    0.7,
    0.05,
    0.5,
    0.25,
    1.0,
    0.65,
    0.8,
    0.45,
    0.95,
    0.8,
    0.7,
    0.65,
    1.0,
    0.35,
    0.35,
    0.05,
    0.4,
    0.3,
    0.45,
    0.4,
    0.85,
    0.0,
    0.95,
    0.1,
    0.9,
    0.95,
    0.0,
    0.7,
    0.35,
    0.3,
    0.3,
    0.95,
    0.95,
    0.95,
    0.25,
    0.6,
    0.65,
    0.5,
    0.1,
    0.5,
    0.2,
    0.15,
    0.1,
    0.95,
    0.65,
    0.15,
    0.6,
    0.25,
    0.7,
    0.1,
    1.0,
    0.6,
    1.0,
    0.65,
    0.9,
    0.7,
    0.35,
    0.2,
    0.1,
    0.25,
    0.25
  ]
}
