{
  "model_id": "Qwen/Qwen2.5-3B-Instruct",
  "dataset_name": "hellaswag",
  "n_questions": 100,
  "n_cot_samples_per_question": 20,
  "mean_match_fraction": 0.19400000000000003,
  "std_match_fraction": 0.32212419964976247,
  "bootstrap_ci_lower": 0.13047500000000004,
  "bootstrap_ci_upper": 0.2590125,
  "n_extraction_failures_cot": 3,
  "n_extraction_failures_no_cot": 0,
  "per_question_fractions": [
    0.0,
    0.0,
    0.05,
    0.0,
    0.0,
    0.0,
    0.55,
    0.05,
    0.25,
    0.0,
    0.0,
    0.7,
    0.6,
    0.25,
    0.4,
    0.25,
    0.0,
    0.0,
    0.05,
    0.0,
    0.0,
    0.0,
    0.8,
    0.2,
    0.0,
    0.0,
    0.0,
    0.0,
    1.0,
    0.0,
    0.0,
    0.0,
    0.0,
    0.0,
    0.0,
    0.0,
    1.0,
    0.6,
    0.2,
    0.15,
    0.15,
    0.1,
    0.05,
    0.0,
    0.0,
    0.0,
    0.0,
    0.0,
    0.0,
    1.0,
    0.9,
    0.0,
    1.0,
    1.0,
    0.0,
    0.0,
    0.2,
    0.1,
    0.0,
    0.0,
    0.0,
    0.0,
    0.45,
    0.0,
    1.0,
    0.0,
    0.55,
    0.0,
    0.45,
    0.0,
    0.0,
    0.8,
    0.05,
    0.55,
    0.1,
    0.0,
    0.0,
    0.9,
    0.0,
    0.05,
    0.0,
    0.0,
    0.0,
    0.55,
    0.0,
    0.0,
    0.0,
    0.0,
    0.35,
    0.0,
    0.0,
    0.05,
    0.0,
    0.1,
    0.0,
    1.0,
    0.0,
    0.0,
    0.85,
    0.0
  ]
}
