{
  "model_id": "Qwen/Qwen2.5-1.5B-Instruct",
  "dataset_name": "openbookqa",
  "n_questions": 100,
  "n_cot_samples_per_question": 20,
  "mean_match_fraction": 0.7464999999999999,
  "std_match_fraction": 0.24791682072824345,
  "bootstrap_ci_lower": 0.6974999999999999,
  "bootstrap_ci_upper": 0.7950249999999998,
  "n_extraction_failures_cot": 1,
  "n_extraction_failures_no_cot": 0,
  "per_question_fractions": [
    0.5,
    1.0,
    0.85,
    0.6,
    1.0,
    0.9,
    1.0,
    0.5,
    0.9,
    1.0,
    1.0,
    1.0,
    0.95,
    0.75,
    0.85,
    0.95,
    1.0,
    0.95,
    0.6,
    0.9,
    0.8,
    0.95,
    1.0,
    0.25,
    0.85,
    0.6,
    0.25,
    0.6,
    0.35,
    0.55,
    0.25,
    0.9,
    0.25,
    0.75,
    0.8,
    0.55,
    1.0,
    0.8,
    0.6,
    1.0,
    0.8,
    1.0,
    1.0,
    1.0,
    0.95,
    0.95,
    0.4,
    0.7,
    0.95,
    0.8,
    0.5,
    0.45,
    0.35,
    0.75,
    0.7,
    0.65,
    1.0,
    0.8,
    0.85,
    1.0,
    0.7,
    1.0,
    1.0,
    0.9,
    1.0,
    0.3,
    0.8,
    0.8,
    0.75,
    0.35,
    0.85,
    0.95,
    0.55,
    0.4,
    0.55,
    0.6,
    0.65,
    0.5,
    1.0,
    0.2,
    1.0,
    0.95,
    0.3,
    0.85,
    0.7,
    0.85,
    0.8,
    0.7,
    0.15,
    0.95,
    0.95,
    0.1,
    1.0,
    0.35,
    0.8,
    1.0,
    0.75,
    1.0,
    0.85,
    0.85
  ]
}
