{
  "model_id": "Qwen/Qwen2.5-72B-Instruct-AWQ",
  "dataset_name": "logiqa",
  "n_questions": 100,
  "n_cot_samples_per_question": 20,
  "mean_match_fraction": 0.7695000000000001,
  "std_match_fraction": 0.3298404917532109,
  "bootstrap_ci_lower": 0.705,
  "bootstrap_ci_upper": 0.8305250000000001,
  "n_extraction_failures_cot": 4,
  "n_extraction_failures_no_cot": 0,
  "per_question_fractions": [
    0.2,
    1.0,
    0.05,
    1.0,
    1.0,
    0.8,
    1.0,
    0.3,
    0.7,
    1.0,
    0.75,
    1.0,
    1.0,
    0.8,
    1.0,
    0.55,
    0.6,
    0.3,
    1.0,
    1.0,
    1.0,
    1.0,
    1.0,
    0.9,
    1.0,
    0.5,
    1.0,
    1.0,
    1.0,
    0.95,
    0.9,
    1.0,
    1.0,
    0.75,
    1.0,
    1.0,
    0.6,
    1.0,
    1.0,
    0.85,
    1.0,
    0.15,
    0.35,
    1.0,
    1.0,
    1.0,
    0.4,
    1.0,
    1.0,
    1.0,
    0.3,
    1.0,
    0.0,
    1.0,
    1.0,
    0.85,
    0.85,
    0.35,
    1.0,
    1.0,
    1.0,
    1.0,
    1.0,
    1.0,
    1.0,
    1.0,
    0.0,
    1.0,
    1.0,
    1.0,
    1.0,
    1.0,
    1.0,
    0.6,
    1.0,
    0.2,
    0.15,
    0.2,
    0.1,
    0.1,
    0.15,
    0.65,
    1.0,
    0.95,
    0.4,
    1.0,
    0.05,
    1.0,
    1.0,
    1.0,
    0.95,
    0.95,
    1.0,
    1.0,
    0.85,
    0.45,
    0.75,
    0.2,
    0.4,
    0.1
  ]
}
