{
  "model_id": "meta-llama/Llama-3.2-3B-Instruct",
  "dataset_name": "logiqa",
  "n_questions": 100,
  "n_cot_samples_per_question": 20,
  "mean_match_fraction": 0.306,
  "std_match_fraction": 0.2794888190965785,
  "bootstrap_ci_lower": 0.25147499999999995,
  "bootstrap_ci_upper": 0.36101249999999996,
  "n_extraction_failures_cot": 2,
  "n_extraction_failures_no_cot": 0,
  "per_question_fractions": [
    0.95,
    0.05,
    0.95,
    0.8,
    0.2,
    0.15,
    1.0,
    0.45,
    0.7,
    0.5,
    0.3,
    0.75,
    0.2,
    0.5,
    0.35,
    0.8,
    0.0,
    0.25,
    0.05,
    0.45,
    1.0,
    0.95,
    0.15,
    0.05,
    0.1,
    0.3,
    0.25,
    0.0,
    0.4,
    0.25,
    0.0,
    0.0,
    0.1,
    0.2,
    0.0,
    0.3,
    0.0,
    0.0,
    0.05,
    0.4,
    0.55,
    0.2,
    0.2,
    0.05,
    0.45,
    0.05,
    0.2,
    0.0,
    0.05,
    0.25,
    0.35,
    0.1,
    0.2,
    0.1,
    0.05,
    0.15,
    0.3,
    0.05,
    0.15,
    1.0,
    0.15,
    0.05,
    0.1,
    0.3,
    0.75,
    0.55,
    0.4,
    0.45,
    0.6,
    0.55,
    0.2,
    0.6,
    0.15,
    0.0,
    0.85,
    0.0,
    0.2,
    0.25,
    0.25,
    0.0,
    0.2,
    0.5,
    0.4,
    0.3,
    0.15,
    0.15,
    0.0,
    0.2,
    1.0,
    0.7,
    0.25,
    0.15,
    0.0,
    0.35,
    0.45,
    0.1,
    0.15,
    0.35,
    0.3,
    0.15
  ]
}
