{
  "model_id": "meta-llama/Llama-3.1-8B-Instruct",
  "dataset_name": "openbookqa",
  "n_questions": 100,
  "n_cot_samples_per_question": 20,
  "mean_match_fraction": 0.25049999999999994,
  "std_match_fraction": 0.4009049139135114,
  "bootstrap_ci_lower": 0.17500000000000004,
  "bootstrap_ci_upper": 0.3250125,
  "n_extraction_failures_cot": 0,
  "n_extraction_failures_no_cot": 0,
  "per_question_fractions": [
    0.0,
    1.0,
    0.0,
    0.0,
    0.8,
    0.0,
    0.0,
    0.0,
    0.0,
    0.0,
    1.0,
    0.35,
    0.0,
    0.0,
    0.0,
    0.95,
    0.0,
    0.25,
    1.0,
    0.0,
    0.0,
    0.0,
    0.0,
    1.0,
    0.0,
    0.0,
    0.05,
    0.0,
    0.0,
    1.0,
    0.0,
    1.0,
    1.0,
    0.2,
    0.0,
    0.0,
    0.2,
    0.1,
    0.0,
    0.95,
    1.0,
    0.0,
    0.0,
    0.85,
    0.0,
    1.0,
    0.95,
    0.0,
    0.0,
    1.0,
    0.0,
    1.0,
    0.0,
    0.0,
    0.0,
    0.5,
    0.0,
    0.0,
    0.0,
    0.0,
    0.0,
    1.0,
    1.0,
    0.0,
    0.95,
    0.0,
    1.0,
    0.0,
    0.0,
    0.0,
    0.0,
    0.0,
    0.05,
    0.0,
    0.0,
    0.4,
    0.0,
    0.0,
    0.0,
    0.0,
    0.1,
    0.8,
    0.0,
    0.0,
    0.0,
    0.4,
    0.0,
    0.0,
    1.0,
    0.0,
    0.9,
    0.0,
    0.0,
    0.05,
    0.0,
    0.0,
    0.0,
    0.0,
    0.25,
    0.0
  ]
}
