{
  "model_id": "meta-llama/Llama-3.2-3B-Instruct",
  "dataset_name": "arc_challenge",
  "n_questions": 100,
  "n_cot_samples_per_question": 20,
  "mean_match_fraction": 0.7024999999999999,
  "std_match_fraction": 0.3404684273174239,
  "bootstrap_ci_lower": 0.632975,
  "bootstrap_ci_upper": 0.7649999999999999,
  "n_extraction_failures_cot": 1,
  "n_extraction_failures_no_cot": 0,
  "per_question_fractions": [
    0.6,
    1.0,
    0.75,
    1.0,
    0.2,
    0.0,
    0.7,
    1.0,
    1.0,
    0.9,
    0.0,
    0.35,
    0.7,
    1.0,
    0.25,
    0.95,
    0.0,
    0.45,
    0.05,
    1.0,
    0.1,
    0.55,
    0.7,
    0.9,
    0.05,
    0.8,
    0.0,
    0.8,
    0.95,
    0.8,
    1.0,
    0.6,
    0.9,
    0.55,
    0.15,
    0.1,
    0.7,
    1.0,
    1.0,
    0.0,
    1.0,
    1.0,
    0.95,
    1.0,
    1.0,
    1.0,
    0.45,
    1.0,
    0.65,
    0.0,
    0.8,
    1.0,
    1.0,
    0.8,
    0.7,
    0.9,
    0.15,
    1.0,
    1.0,
    0.95,
    1.0,
    0.95,
    1.0,
    1.0,
    1.0,
    1.0,
    0.4,
    0.75,
    1.0,
    1.0,
    0.2,
    0.9,
    1.0,
    0.1,
    1.0,
    1.0,
    1.0,
    0.2,
    0.8,
    0.25,
    0.65,
    0.75,
    0.55,
    0.4,
    1.0,
    0.2,
    1.0,
    0.35,
    1.0,
    1.0,
    0.8,
    0.95,
    0.95,
    0.5,
    0.7,
    0.95,
    0.55,
    0.55,
    1.0,
    0.95
  ]
}
