{
  "model_id": "hugging-quants/Meta-Llama-3.1-70B-Instruct-AWQ-INT4",
  "dataset_name": "aqua",
  "n_questions": 100,
  "n_cot_samples_per_question": 20,
  "mean_match_fraction": 0.1877551020408163,
  "std_match_fraction": 0.32254261105062837,
  "bootstrap_ci_lower": 0.13315051020408167,
  "bootstrap_ci_upper": 0.25613520408163265,
  "n_extraction_failures_cot": 43,
  "n_extraction_failures_no_cot": 2,
  "per_question_fractions": [
    0.85,
    0.2,
    0.1,
    0.05,
    0.45,
    0.45,
    0.0,
    1.0,
    0.0,
    0.0,
    0.0,
    0.0,
    0.0,
    0.45,
    0.8,
    0.0,
    0.0,
    0.0,
    0.0,
    0.0,
    0.0,
    0.0,
    0.85,
    0.0,
    0.0,
    0.55,
    0.0,
    0.25,
    0.0,
    1.0,
    0.0,
    0.0,
    0.0,
    0.0,
    0.15,
    0.0,
    0.0,
    0.0,
    0.0,
    0.05,
    0.0,
    0.2,
    0.2,
    1.0,
    0.1,
    0.0,
    0.0,
    1.0,
    0.0,
    0.0,
    0.0,
    0.0,
    1.0,
    0.55,
    0.15,
    0.0,
    0.0,
    0.65,
    0.0,
    0.0,
    0.0,
    1.0,
    0.05,
    0.0,
    0.0,
    0.0,
    0.0,
    0.0,
    0.0,
    0.05,
    0.0,
    0.45,
    0.05,
    0.0,
    0.9,
    0.25,
    1.0,
    0.05,
    0.0,
    0.5,
    0.2,
    0.0,
    0.1,
    0.0,
    0.0,
    0.45,
    0.3,
    0.0,
    0.0,
    0.0,
    0.0,
    0.0,
    1.0,
    0.0,
    0.0,
    0.0,
    0.0,
    0.0
  ]
}
