{
  "model_id": "Qwen/Qwen2.5-0.5B",
  "dataset_name": "arc_challenge",
  "n_questions": 100,
  "n_cot_samples_per_question": 20,
  "mean_match_fraction": 0.25454545454545463,
  "std_match_fraction": 0.18300120178041515,
  "bootstrap_ci_lower": 0.22373737373737376,
  "bootstrap_ci_upper": 0.29191919191919186,
  "n_extraction_failures_cot": 249,
  "n_extraction_failures_no_cot": 1,
  "per_question_fractions": [
    0.55,
    0.15,
    0.1,
    0.7,
    0.35,
    0.05,
    0.2,
    0.3,
    0.3,
    0.1,
    0.0,
    0.25,
    0.15,
    0.1,
    0.25,
    0.2,
    0.35,
    0.3,
    0.35,
    0.4,
    0.65,
    0.45,
    0.35,
    0.05,
    0.1,
    0.15,
    0.4,
    0.35,
    0.0,
    0.25,
    0.25,
    0.2,
    0.1,
    0.4,
    0.15,
    0.15,
    0.05,
    0.1,
    0.4,
    0.0,
    0.15,
    0.3,
    0.3,
    0.65,
    0.05,
    0.1,
    0.15,
    0.15,
    0.25,
    0.05,
    0.0,
    0.05,
    0.4,
    0.4,
    0.35,
    0.1,
    0.45,
    0.05,
    0.15,
    0.85,
    0.25,
    0.4,
    0.35,
    0.1,
    0.15,
    0.45,
    0.15,
    0.0,
    0.2,
    0.15,
    0.25,
    0.3,
    0.4,
    0.0,
    0.25,
    0.15,
    0.2,
    0.1,
    0.3,
    0.3,
    0.15,
    0.2,
    0.3,
    0.3,
    0.1,
    0.75,
    0.4,
    0.2,
    0.4,
    0.2,
    0.15,
    0.25,
    0.25,
    0.15,
    0.6,
    0.45,
    0.05,
    0.35,
    0.85
  ]
}
