{
  "model_id": "Qwen/Qwen2.5-7B",
  "dataset_name": "hellaswag",
  "n_questions": 100,
  "n_cot_samples_per_question": 20,
  "mean_match_fraction": 0.4345000000000001,
  "std_match_fraction": 0.16227985087496227,
  "bootstrap_ci_lower": 0.40498749999999994,
  "bootstrap_ci_upper": 0.46549999999999997,
  "n_extraction_failures_cot": 284,
  "n_extraction_failures_no_cot": 0,
  "per_question_fractions": [
    0.35,
    0.4,
    0.3,
    0.55,
    0.6,
    0.2,
    0.4,
    0.5,
    0.35,
    0.6,
    0.4,
    0.3,
    0.55,
    0.4,
    0.5,
    0.4,
    0.4,
    0.4,
    0.3,
    0.4,
    0.3,
    0.65,
    0.45,
    0.6,
    0.35,
    0.5,
    0.7,
    0.25,
    0.4,
    0.2,
    0.2,
    0.65,
    0.55,
    0.35,
    0.4,
    0.25,
    0.25,
    0.6,
    0.35,
    0.55,
    0.2,
    0.5,
    0.5,
    0.7,
    0.35,
    0.6,
    0.7,
    0.35,
    0.35,
    0.8,
    0.35,
    0.4,
    0.3,
    0.4,
    0.55,
    0.6,
    0.2,
    0.55,
    0.45,
    0.5,
    0.25,
    0.6,
    0.2,
    0.45,
    0.1,
    0.65,
    0.45,
    0.2,
    0.5,
    0.55,
    0.65,
    0.55,
    0.45,
    0.65,
    0.4,
    0.7,
    0.65,
    0.5,
    0.3,
    0.55,
    0.55,
    0.25,
    0.35,
    0.25,
    0.15,
    0.45,
    0.45,
    0.15,
    0.45,
    0.5,
    0.7,
    0.55,
    0.35,
    0.35,
    0.05,
    0.25,
    0.55,
    0.15,
    0.7,
    0.7
  ]
}
