{
  "model_id": "Qwen/Qwen2.5-7B-Instruct",
  "dataset_name": "hellaswag",
  "n_questions": 100,
  "n_cot_samples_per_question": 20,
  "mean_match_fraction": 0.8215,
  "std_match_fraction": 0.2802904743297567,
  "bootstrap_ci_lower": 0.7689999999999999,
  "bootstrap_ci_upper": 0.8725250000000001,
  "n_extraction_failures_cot": 0,
  "n_extraction_failures_no_cot": 0,
  "per_question_fractions": [
    0.95,
    1.0,
    0.2,
    1.0,
    0.95,
    0.15,
    0.95,
    1.0,
    1.0,
    1.0,
    1.0,
    0.85,
    1.0,
    1.0,
    1.0,
    0.85,
    0.1,
    1.0,
    0.65,
    0.1,
    0.7,
    0.8,
    1.0,
    1.0,
    0.95,
    1.0,
    1.0,
    0.3,
    1.0,
    1.0,
    0.4,
    0.85,
    1.0,
    1.0,
    1.0,
    0.65,
    1.0,
    1.0,
    0.45,
    0.75,
    0.9,
    1.0,
    1.0,
    1.0,
    0.8,
    1.0,
    1.0,
    0.1,
    0.6,
    1.0,
    1.0,
    0.95,
    0.2,
    1.0,
    1.0,
    1.0,
    0.4,
    1.0,
    1.0,
    0.6,
    0.75,
    1.0,
    0.85,
    1.0,
    0.05,
    1.0,
    1.0,
    0.8,
    0.3,
    0.4,
    1.0,
    1.0,
    1.0,
    0.6,
    0.8,
    1.0,
    1.0,
    1.0,
    0.45,
    1.0,
    0.7,
    0.95,
    0.2,
    1.0,
    0.2,
    0.4,
    1.0,
    1.0,
    1.0,
    1.0,
    1.0,
    1.0,
    1.0,
    1.0,
    0.95,
    0.7,
    0.95,
    0.95,
    1.0,
    1.0
  ]
}
