{
  "model_id": "Qwen/Qwen2.5-14B-Instruct",
  "dataset_name": "hellaswag",
  "n_questions": 100,
  "n_cot_samples_per_question": 20,
  "mean_match_fraction": 0.20600000000000002,
  "std_match_fraction": 0.3806100366516889,
  "bootstrap_ci_lower": 0.13197500000000004,
  "bootstrap_ci_upper": 0.27899999999999997,
  "n_extraction_failures_cot": 0,
  "n_extraction_failures_no_cot": 0,
  "per_question_fractions": [
    0.0,
    0.0,
    0.1,
    0.0,
    0.0,
    0.0,
    0.0,
    0.0,
    0.0,
    0.0,
    0.0,
    0.7,
    0.0,
    0.0,
    0.0,
    0.0,
    0.0,
    0.95,
    0.05,
    0.05,
    0.0,
    0.0,
    0.15,
    0.05,
    0.0,
    0.0,
    0.85,
    0.0,
    1.0,
    0.0,
    0.0,
    0.0,
    1.0,
    0.0,
    1.0,
    0.0,
    0.45,
    0.55,
    0.0,
    1.0,
    0.95,
    0.0,
    0.0,
    0.0,
    0.0,
    0.0,
    0.0,
    0.0,
    0.0,
    1.0,
    1.0,
    1.0,
    1.0,
    1.0,
    0.0,
    0.0,
    0.0,
    0.0,
    0.0,
    0.0,
    0.0,
    0.0,
    0.0,
    0.0,
    1.0,
    0.0,
    0.0,
    0.0,
    0.0,
    0.0,
    0.0,
    1.0,
    0.0,
    0.0,
    0.65,
    0.0,
    0.0,
    0.95,
    0.0,
    0.0,
    0.0,
    0.0,
    0.0,
    0.0,
    0.0,
    0.0,
    0.0,
    0.0,
    0.15,
    0.0,
    0.0,
    0.1,
    0.0,
    0.0,
    0.0,
    1.0,
    0.0,
    0.0,
    1.0,
    0.9
  ]
}
