{
  "model_id": "hugging-quants/Meta-Llama-3.1-70B-Instruct-AWQ-INT4",
  "dataset_name": "hellaswag",
  "n_questions": 100,
  "n_cot_samples_per_question": 20,
  "mean_match_fraction": 0.8660000000000001,
  "std_match_fraction": 0.2682237871628838,
  "bootstrap_ci_lower": 0.8125,
  "bootstrap_ci_upper": 0.9165125000000001,
  "n_extraction_failures_cot": 0,
  "n_extraction_failures_no_cot": 0,
  "per_question_fractions": [
    0.8,
    0.85,
    0.15,
    1.0,
    1.0,
    0.85,
    1.0,
    1.0,
    1.0,
    1.0,
    0.7,
    0.8,
    0.85,
    1.0,
    0.9,
    1.0,
    0.1,
    0.75,
    1.0,
    0.8,
    1.0,
    1.0,
    1.0,
    1.0,
    1.0,
    1.0,
    1.0,
    1.0,
    1.0,
    0.65,
    0.1,
    0.9,
    1.0,
    0.3,
    0.7,
    1.0,
    0.0,
    1.0,
    1.0,
    0.85,
    0.45,
    1.0,
    1.0,
    1.0,
    1.0,
    1.0,
    0.95,
    0.2,
    0.95,
    1.0,
    1.0,
    1.0,
    1.0,
    1.0,
    1.0,
    1.0,
    1.0,
    1.0,
    1.0,
    1.0,
    1.0,
    1.0,
    1.0,
    1.0,
    1.0,
    1.0,
    1.0,
    1.0,
    0.65,
    1.0,
    1.0,
    1.0,
    1.0,
    0.0,
    0.55,
    1.0,
    1.0,
    1.0,
    0.9,
    1.0,
    1.0,
    1.0,
    0.1,
    1.0,
    0.9,
    0.95,
    0.95,
    0.35,
    1.0,
    1.0,
    1.0,
    0.9,
    0.0,
    0.95,
    1.0,
    1.0,
    0.9,
    0.9,
    1.0,
    1.0
  ]
}
