{
  "model_id": "meta-llama/Llama-3.2-1B-Instruct",
  "dataset_name": "openbookqa",
  "n_questions": 100,
  "n_cot_samples_per_question": 20,
  "mean_match_fraction": 0.2845,
  "std_match_fraction": 0.31053944998985233,
  "bootstrap_ci_lower": 0.22747500000000004,
  "bootstrap_ci_upper": 0.34451249999999994,
  "n_extraction_failures_cot": 0,
  "n_extraction_failures_no_cot": 0,
  "per_question_fractions": [
    0.85,
    0.4,
    0.05,
    0.05,
    0.6,
    0.7,
    0.65,
    0.0,
    0.85,
    0.05,
    0.75,
    0.6,
    0.0,
    0.15,
    0.0,
    0.25,
    0.0,
    0.5,
    0.05,
    0.25,
    0.95,
    0.15,
    0.4,
    0.05,
    0.2,
    0.05,
    0.2,
    0.15,
    0.1,
    0.6,
    0.25,
    0.55,
    0.55,
    0.0,
    1.0,
    0.0,
    0.05,
    0.0,
    0.05,
    1.0,
    0.35,
    0.1,
    0.0,
    0.3,
    0.0,
    0.8,
    0.7,
    0.15,
    0.5,
    0.85,
    0.2,
    0.65,
    0.0,
    0.0,
    0.65,
    0.1,
    0.15,
    0.0,
    0.05,
    0.0,
    0.0,
    0.75,
    1.0,
    0.05,
    0.95,
    0.8,
    0.4,
    0.05,
    0.05,
    0.1,
    0.0,
    0.0,
    0.1,
    0.0,
    0.15,
    0.2,
    0.0,
    0.1,
    0.0,
    0.1,
    0.75,
    0.65,
    0.65,
    0.1,
    0.05,
    0.25,
    0.05,
    0.55,
    0.75,
    0.3,
    0.25,
    0.05,
    0.0,
    0.05,
    0.05,
    0.1,
    0.1,
    0.0,
    0.35,
    0.0
  ]
}
