{
  "model_id": "Qwen/Qwen2.5-7B-Instruct",
  "dataset_name": "openbookqa",
  "n_questions": 100,
  "n_cot_samples_per_question": 20,
  "mean_match_fraction": 0.8654999999999999,
  "std_match_fraction": 0.2814866781927699,
  "bootstrap_ci_lower": 0.8105000000000001,
  "bootstrap_ci_upper": 0.9205125,
  "n_extraction_failures_cot": 4,
  "n_extraction_failures_no_cot": 0,
  "per_question_fractions": [
    0.9,
    1.0,
    1.0,
    1.0,
    1.0,
    1.0,
    1.0,
    0.8,
    1.0,
    0.9,
    1.0,
    1.0,
    1.0,
    1.0,
    1.0,
    1.0,
    1.0,
    0.25,
    1.0,
    0.95,
    1.0,
    0.1,
    1.0,
    0.35,
    1.0,
    0.85,
    0.6,
    0.55,
    1.0,
    1.0,
    0.0,
    1.0,
    0.05,
    0.9,
    1.0,
    1.0,
    1.0,
    1.0,
    1.0,
    1.0,
    0.95,
    1.0,
    1.0,
    1.0,
    1.0,
    1.0,
    1.0,
    1.0,
    0.95,
    1.0,
    1.0,
    0.4,
    1.0,
    1.0,
    1.0,
    0.6,
    1.0,
    1.0,
    1.0,
    1.0,
    0.7,
    1.0,
    1.0,
    0.7,
    1.0,
    0.05,
    1.0,
    1.0,
    1.0,
    0.25,
    1.0,
    1.0,
    1.0,
    0.3,
    1.0,
    1.0,
    0.85,
    1.0,
    1.0,
    0.9,
    0.95,
    1.0,
    1.0,
    0.0,
    0.75,
    0.9,
    1.0,
    1.0,
    0.1,
    1.0,
    1.0,
    0.0,
    1.0,
    1.0,
    1.0,
    1.0,
    1.0,
    1.0,
    1.0,
    1.0
  ]
}
