{
  "model_id": "Qwen/Qwen2.5-14B-Instruct",
  "dataset_name": "hellaswag",
  "n_questions": 100,
  "n_cot_samples_per_question": 20,
  "mean_match_fraction": 0.8865,
  "std_match_fraction": 0.24564761346286265,
  "bootstrap_ci_lower": 0.8344374999999999,
  "bootstrap_ci_upper": 0.9330250000000001,
  "n_extraction_failures_cot": 0,
  "n_extraction_failures_no_cot": 0,
  "per_question_fractions": [
    1.0,
    1.0,
    0.4,
    1.0,
    1.0,
    0.75,
    1.0,
    1.0,
    1.0,
    1.0,
    0.2,
    0.45,
    1.0,
    1.0,
    1.0,
    1.0,
    0.05,
    0.55,
    0.9,
    0.9,
    0.65,
    1.0,
    1.0,
    1.0,
    1.0,
    1.0,
    1.0,
    1.0,
    1.0,
    0.6,
    0.05,
    1.0,
    1.0,
    0.7,
    1.0,
    0.65,
    1.0,
    1.0,
    1.0,
    0.6,
    1.0,
    1.0,
    1.0,
    1.0,
    1.0,
    1.0,
    1.0,
    0.1,
    0.95,
    1.0,
    1.0,
    1.0,
    1.0,
    1.0,
    1.0,
    1.0,
    0.9,
    1.0,
    1.0,
    0.8,
    1.0,
    1.0,
    1.0,
    1.0,
    1.0,
    1.0,
    1.0,
    1.0,
    0.85,
    1.0,
    1.0,
    1.0,
    1.0,
    0.95,
    0.05,
    1.0,
    1.0,
    1.0,
    0.35,
    1.0,
    1.0,
    0.1,
    0.85,
    1.0,
    0.95,
    0.85,
    0.95,
    1.0,
    1.0,
    1.0,
    1.0,
    1.0,
    1.0,
    1.0,
    1.0,
    1.0,
    0.55,
    1.0,
    1.0,
    1.0
  ]
}
