{
  "model_id": "Qwen/Qwen2.5-32B-Instruct",
  "dataset_name": "aqua",
  "n_questions": 100,
  "n_cot_samples_per_question": 20,
  "mean_match_fraction": 0.19343434343434343,
  "std_match_fraction": 0.3693186782350113,
  "bootstrap_ci_lower": 0.12222222222222223,
  "bootstrap_ci_upper": 0.2692045454545455,
  "n_extraction_failures_cot": 0,
  "n_extraction_failures_no_cot": 1,
  "per_question_fractions": [
    0.0,
    0.0,
    0.0,
    0.0,
    0.25,
    0.0,
    1.0,
    1.0,
    1.0,
    0.0,
    0.0,
    0.0,
    0.0,
    1.0,
    0.9,
    0.0,
    0.0,
    0.0,
    1.0,
    0.0,
    0.0,
    0.0,
    0.0,
    0.0,
    0.0,
    0.0,
    0.0,
    0.0,
    0.45,
    1.0,
    1.0,
    0.0,
    0.0,
    0.0,
    0.2,
    0.0,
    0.0,
    0.0,
    1.0,
    0.0,
    0.0,
    0.0,
    0.0,
    1.0,
    0.0,
    0.0,
    0.0,
    0.0,
    0.0,
    0.0,
    0.0,
    0.0,
    0.0,
    0.45,
    0.0,
    0.0,
    0.0,
    1.0,
    0.0,
    0.0,
    0.0,
    1.0,
    0.0,
    0.0,
    0.0,
    0.0,
    0.1,
    0.0,
    0.0,
    1.0,
    0.0,
    0.0,
    0.8,
    0.0,
    0.05,
    0.2,
    1.0,
    0.0,
    0.0,
    0.0,
    0.0,
    0.05,
    0.0,
    0.0,
    0.0,
    0.0,
    0.0,
    0.1,
    0.0,
    1.0,
    0.0,
    0.0,
    0.05,
    1.0,
    0.4,
    0.0,
    0.0,
    0.15,
    0.0
  ]
}
