{
  "model_id": "Qwen/Qwen2.5-3B",
  "dataset_name": "arc_challenge",
  "n_questions": 100,
  "n_cot_samples_per_question": 20,
  "mean_match_fraction": 0.2634020618556701,
  "std_match_fraction": 0.09987504149323055,
  "bootstrap_ci_lower": 0.24329896907216492,
  "bootstrap_ci_upper": 0.2829896907216495,
  "n_extraction_failures_cot": 86,
  "n_extraction_failures_no_cot": 3,
  "per_question_fractions": [
    0.35,
    0.25,
    0.45,
    0.4,
    0.35,
    0.3,
    0.3,
    0.25,
    0.35,
    0.35,
    0.2,
    0.25,
    0.3,
    0.35,
    0.15,
    0.25,
    0.15,
    0.25,
    0.4,
    0.25,
    0.3,
    0.35,
    0.25,
    0.3,
    0.35,
    0.15,
    0.15,
    0.4,
    0.3,
    0.3,
    0.25,
    0.25,
    0.4,
    0.2,
    0.35,
    0.25,
    0.15,
    0.5,
    0.25,
    0.25,
    0.2,
    0.25,
    0.1,
    0.45,
    0.25,
    0.2,
    0.15,
    0.35,
    0.35,
    0.15,
    0.25,
    0.15,
    0.25,
    0.3,
    0.25,
    0.2,
    0.55,
    0.5,
    0.15,
    0.15,
    0.3,
    0.2,
    0.2,
    0.05,
    0.3,
    0.3,
    0.2,
    0.2,
    0.2,
    0.3,
    0.4,
    0.3,
    0.2,
    0.25,
    0.3,
    0.25,
    0.2,
    0.2,
    0.2,
    0.2,
    0.25,
    0.2,
    0.3,
    0.3,
    0.35,
    0.05,
    0.35,
    0.3,
    0.1,
    0.15,
    0.0,
    0.3,
    0.15,
    0.25,
    0.5,
    0.2,
    0.25
  ]
}
