{
  "model_id": "meta-llama/Llama-3.2-3B-Instruct",
  "dataset_name": "openbookqa",
  "n_questions": 100,
  "n_cot_samples_per_question": 20,
  "mean_match_fraction": 0.757,
  "std_match_fraction": 0.3327175979716131,
  "bootstrap_ci_lower": 0.6929750000000001,
  "bootstrap_ci_upper": 0.8215124999999999,
  "n_extraction_failures_cot": 0,
  "n_extraction_failures_no_cot": 0,
  "per_question_fractions": [
    0.85,
    0.7,
    1.0,
    0.95,
    1.0,
    1.0,
    0.95,
    0.6,
    1.0,
    0.35,
    1.0,
    0.0,
    1.0,
    1.0,
    1.0,
    1.0,
    1.0,
    0.7,
    0.2,
    1.0,
    0.75,
    0.05,
    1.0,
    0.75,
    1.0,
    0.55,
    0.3,
    0.1,
    0.75,
    0.0,
    0.55,
    1.0,
    0.0,
    0.35,
    0.05,
    0.0,
    1.0,
    1.0,
    0.9,
    1.0,
    0.4,
    1.0,
    1.0,
    1.0,
    1.0,
    0.95,
    0.7,
    1.0,
    0.0,
    1.0,
    1.0,
    0.95,
    0.95,
    1.0,
    1.0,
    0.35,
    1.0,
    1.0,
    1.0,
    1.0,
    1.0,
    1.0,
    1.0,
    0.35,
    1.0,
    0.75,
    0.5,
    0.25,
    1.0,
    0.65,
    1.0,
    0.75,
    0.95,
    0.45,
    1.0,
    0.25,
    0.45,
    0.35,
    1.0,
    0.55,
    0.95,
    1.0,
    0.05,
    0.85,
    1.0,
    0.9,
    0.95,
    0.95,
    0.4,
    1.0,
    1.0,
    0.05,
    1.0,
    1.0,
    1.0,
    0.8,
    0.9,
    1.0,
    1.0,
    0.95
  ]
}
