{
  "model_id": "Qwen/Qwen2.5-3B",
  "dataset_name": "logiqa",
  "n_questions": 100,
  "n_cot_samples_per_question": 20,
  "mean_match_fraction": 0.27799999999999997,
  "std_match_fraction": 0.13898201322473352,
  "bootstrap_ci_lower": 0.25198750000000003,
  "bootstrap_ci_upper": 0.306,
  "n_extraction_failures_cot": 217,
  "n_extraction_failures_no_cot": 0,
  "per_question_fractions": [
    0.35,
    0.2,
    0.4,
    0.4,
    0.2,
    0.3,
    0.35,
    0.3,
    0.15,
    0.25,
    0.15,
    0.4,
    0.5,
    0.35,
    0.45,
    0.3,
    0.4,
    0.5,
    0.1,
    0.4,
    0.15,
    0.2,
    0.4,
    0.1,
    0.35,
    0.25,
    0.3,
    0.15,
    0.2,
    0.3,
    0.25,
    0.2,
    0.4,
    0.3,
    0.25,
    0.2,
    0.35,
    0.35,
    0.3,
    0.3,
    0.3,
    0.05,
    0.5,
    0.6,
    0.55,
    0.65,
    0.35,
    0.55,
    0.25,
    0.5,
    0.1,
    0.2,
    0.15,
    0.15,
    0.25,
    0.4,
    0.1,
    0.3,
    0.15,
    0.1,
    0.35,
    0.65,
    0.05,
    0.05,
    0.1,
    0.15,
    0.2,
    0.3,
    0.1,
    0.15,
    0.2,
    0.15,
    0.45,
    0.25,
    0.25,
    0.25,
    0.15,
    0.2,
    0.1,
    0.15,
    0.3,
    0.15,
    0.45,
    0.1,
    0.15,
    0.25,
    0.2,
    0.45,
    0.2,
    0.45,
    0.4,
    0.35,
    0.35,
    0.45,
    0.25,
    0.15,
    0.15,
    0.2,
    0.45,
    0.15
  ]
}
