{
  "model_id": "Qwen/Qwen2.5-1.5B-Instruct",
  "dataset_name": "arc_challenge",
  "n_questions": 100,
  "n_cot_samples_per_question": 20,
  "mean_match_fraction": 0.704,
  "std_match_fraction": 0.2864157816880907,
  "bootstrap_ci_lower": 0.646475,
  "bootstrap_ci_upper": 0.7625125000000001,
  "n_extraction_failures_cot": 0,
  "n_extraction_failures_no_cot": 0,
  "per_question_fractions": [
    0.3,
    0.95,
    1.0,
    1.0,
    0.7,
    0.0,
    0.7,
    0.8,
    0.9,
    0.25,
    0.9,
    0.95,
    0.7,
    0.25,
    0.55,
    0.95,
    0.5,
    0.9,
    0.0,
    1.0,
    0.6,
    0.95,
    0.5,
    0.55,
    0.55,
    0.85,
    0.95,
    0.65,
    1.0,
    1.0,
    1.0,
    0.9,
    0.75,
    0.7,
    0.4,
    0.95,
    0.3,
    0.8,
    0.6,
    0.0,
    1.0,
    0.7,
    1.0,
    0.9,
    1.0,
    1.0,
    0.8,
    0.55,
    0.55,
    0.1,
    1.0,
    0.9,
    1.0,
    1.0,
    0.35,
    0.3,
    0.25,
    1.0,
    0.75,
    0.55,
    1.0,
    0.6,
    1.0,
    0.9,
    1.0,
    1.0,
    0.5,
    0.45,
    0.95,
    1.0,
    0.65,
    0.4,
    0.8,
    0.35,
    1.0,
    0.4,
    0.9,
    0.5,
    0.95,
    0.4,
    0.45,
    0.55,
    0.85,
    0.5,
    1.0,
    0.35,
    1.0,
    0.1,
    0.85,
    1.0,
    0.35,
    0.65,
    0.9,
    0.1,
    0.8,
    0.7,
    0.85,
    0.8,
    0.85,
    1.0
  ]
}
