{
  "model_id": "Qwen/Qwen2.5-3B-Instruct",
  "dataset_name": "openbookqa",
  "n_questions": 100,
  "n_cot_samples_per_question": 20,
  "mean_match_fraction": 0.8355,
  "std_match_fraction": 0.2753447838619791,
  "bootstrap_ci_lower": 0.7789874999999999,
  "bootstrap_ci_upper": 0.887025,
  "n_extraction_failures_cot": 10,
  "n_extraction_failures_no_cot": 0,
  "per_question_fractions": [
    0.3,
    0.2,
    1.0,
    1.0,
    1.0,
    1.0,
    1.0,
    0.95,
    1.0,
    1.0,
    1.0,
    0.95,
    1.0,
    1.0,
    0.95,
    1.0,
    1.0,
    0.05,
    0.45,
    1.0,
    1.0,
    0.95,
    1.0,
    0.75,
    1.0,
    0.2,
    0.9,
    0.45,
    0.95,
    1.0,
    0.4,
    1.0,
    0.45,
    0.6,
    1.0,
    0.95,
    1.0,
    0.85,
    0.95,
    1.0,
    0.55,
    1.0,
    1.0,
    1.0,
    1.0,
    1.0,
    0.7,
    1.0,
    0.8,
    0.25,
    1.0,
    0.85,
    1.0,
    0.95,
    1.0,
    0.95,
    1.0,
    1.0,
    1.0,
    1.0,
    0.95,
    1.0,
    1.0,
    1.0,
    1.0,
    0.05,
    0.15,
    0.1,
    0.85,
    1.0,
    1.0,
    1.0,
    0.95,
    0.25,
    0.85,
    0.55,
    0.45,
    0.85,
    1.0,
    0.75,
    1.0,
    1.0,
    0.9,
    0.3,
    1.0,
    0.7,
    1.0,
    1.0,
    0.25,
    1.0,
    1.0,
    1.0,
    1.0,
    0.4,
    1.0,
    1.0,
    1.0,
    0.95,
    1.0,
    1.0
  ]
}
