{
  "model_id": "Qwen/Qwen2.5-7B-Instruct",
  "dataset_name": "openbookqa",
  "n_questions": 100,
  "n_cot_samples_per_question": 20,
  "mean_match_fraction": 0.2635,
  "std_match_fraction": 0.41909754234545443,
  "bootstrap_ci_lower": 0.1829875,
  "bootstrap_ci_upper": 0.3435625,
  "n_extraction_failures_cot": 4,
  "n_extraction_failures_no_cot": 0,
  "per_question_fractions": [
    0.0,
    1.0,
    0.0,
    0.05,
    0.95,
    0.0,
    0.0,
    1.0,
    0.45,
    0.0,
    0.35,
    0.1,
    0.0,
    0.0,
    0.0,
    1.0,
    0.0,
    0.0,
    0.0,
    0.0,
    0.0,
    0.0,
    0.0,
    1.0,
    0.05,
    0.0,
    0.0,
    0.0,
    0.0,
    1.0,
    0.0,
    1.0,
    0.95,
    0.9,
    0.0,
    0.0,
    0.25,
    0.0,
    0.0,
    0.95,
    1.0,
    0.0,
    0.0,
    0.7,
    0.0,
    1.0,
    0.0,
    0.0,
    0.85,
    1.0,
    0.0,
    1.0,
    0.0,
    0.0,
    0.0,
    0.0,
    0.0,
    0.0,
    0.0,
    0.0,
    0.0,
    1.0,
    1.0,
    0.0,
    1.0,
    1.0,
    0.0,
    0.0,
    0.0,
    0.0,
    0.0,
    0.0,
    0.1,
    0.0,
    0.0,
    0.0,
    0.0,
    0.0,
    0.0,
    1.0,
    0.0,
    0.85,
    0.8,
    0.05,
    0.0,
    0.0,
    0.0,
    0.0,
    1.0,
    0.0,
    1.0,
    1.0,
    0.0,
    0.0,
    0.0,
    0.0,
    0.0,
    0.0,
    0.0,
    0.0
  ]
}
