{
  "model_id": "meta-llama/Llama-3.2-1B-Instruct",
  "dataset_name": "aqua",
  "n_questions": 100,
  "n_cot_samples_per_question": 20,
  "mean_match_fraction": 0.22700000000000004,
  "std_match_fraction": 0.22174534944390603,
  "bootstrap_ci_lower": 0.18498750000000003,
  "bootstrap_ci_upper": 0.27401250000000005,
  "n_extraction_failures_cot": 31,
  "n_extraction_failures_no_cot": 0,
  "per_question_fractions": [
    0.7,
    0.1,
    0.55,
    0.05,
    0.3,
    0.1,
    0.0,
    0.3,
    0.25,
    0.5,
    0.0,
    0.2,
    0.0,
    0.1,
    0.0,
    0.25,
    0.15,
    0.55,
    0.15,
    0.1,
    0.0,
    0.55,
    0.0,
    0.45,
    0.25,
    0.0,
    0.05,
    0.35,
    0.2,
    0.25,
    0.15,
    0.1,
    0.1,
    0.2,
    0.1,
    0.35,
    0.2,
    0.25,
    0.3,
    0.1,
    0.45,
    0.7,
    0.05,
    0.05,
    0.0,
    0.4,
    0.05,
    0.35,
    0.3,
    0.6,
    0.45,
    0.5,
    0.15,
    0.1,
    0.05,
    0.2,
    0.05,
    0.9,
    0.25,
    1.0,
    0.1,
    0.05,
    0.45,
    0.1,
    0.1,
    0.15,
    0.15,
    0.25,
    0.0,
    0.15,
    0.05,
    0.1,
    0.1,
    0.55,
    0.05,
    0.7,
    0.2,
    0.5,
    0.0,
    0.05,
    0.05,
    0.0,
    0.05,
    0.35,
    0.1,
    0.3,
    0.2,
    0.1,
    0.45,
    0.1,
    0.1,
    0.05,
    0.0,
    0.6,
    0.05,
    0.0,
    0.85,
    0.3,
    0.3,
    0.05
  ]
}
