{
  "model_id": "Qwen/Qwen2.5-14B-Instruct",
  "dataset_name": "aqua",
  "n_questions": 100,
  "n_cot_samples_per_question": 20,
  "mean_match_fraction": 0.2318181818181818,
  "std_match_fraction": 0.38523602534676976,
  "bootstrap_ci_lower": 0.16008838383838386,
  "bootstrap_ci_upper": 0.31569444444444444,
  "n_extraction_failures_cot": 0,
  "n_extraction_failures_no_cot": 1,
  "per_question_fractions": [
    0.0,
    0.05,
    0.35,
    0.0,
    0.2,
    0.8,
    1.0,
    1.0,
    1.0,
    0.0,
    0.0,
    0.0,
    0.0,
    1.0,
    0.9,
    0.0,
    0.0,
    0.0,
    0.0,
    0.0,
    0.0,
    0.0,
    0.0,
    0.05,
    1.0,
    0.0,
    0.0,
    0.0,
    0.0,
    1.0,
    1.0,
    1.0,
    0.0,
    0.0,
    0.0,
    0.0,
    0.0,
    0.0,
    0.0,
    0.0,
    0.0,
    0.0,
    0.0,
    1.0,
    0.05,
    1.0,
    0.0,
    0.0,
    0.0,
    0.0,
    0.0,
    0.0,
    0.0,
    0.5,
    1.0,
    0.0,
    0.0,
    0.95,
    0.0,
    0.0,
    0.05,
    1.0,
    0.0,
    0.0,
    0.15,
    1.0,
    0.65,
    0.0,
    0.0,
    0.0,
    0.0,
    0.1,
    0.5,
    0.0,
    0.0,
    0.2,
    1.0,
    0.05,
    0.0,
    0.05,
    0.0,
    0.1,
    0.0,
    0.0,
    0.0,
    0.0,
    0.55,
    0.35,
    0.0,
    1.0,
    0.0,
    0.0,
    0.2,
    1.0,
    0.05,
    0.0,
    0.0,
    0.1,
    0.0
  ]
}
