{
  "model_id": "meta-llama/Llama-3.1-8B-Instruct",
  "dataset_name": "logiqa",
  "n_questions": 100,
  "n_cot_samples_per_question": 20,
  "mean_match_fraction": 0.27149999999999996,
  "std_match_fraction": 0.2867276582403588,
  "bootstrap_ci_lower": 0.21847500000000006,
  "bootstrap_ci_upper": 0.32801249999999993,
  "n_extraction_failures_cot": 8,
  "n_extraction_failures_no_cot": 0,
  "per_question_fractions": [
    0.1,
    0.4,
    0.95,
    0.0,
    0.8,
    0.15,
    1.0,
    0.15,
    0.0,
    0.75,
    0.2,
    0.3,
    0.05,
    0.85,
    0.05,
    0.55,
    0.0,
    0.25,
    0.7,
    0.05,
    0.0,
    0.65,
    0.05,
    0.05,
    0.3,
    0.0,
    0.6,
    0.4,
    0.8,
    0.85,
    0.05,
    0.8,
    0.05,
    0.2,
    0.0,
    0.15,
    0.05,
    0.15,
    0.15,
    0.65,
    0.35,
    0.3,
    0.35,
    0.1,
    0.1,
    0.25,
    0.05,
    0.05,
    0.1,
    0.8,
    0.25,
    0.2,
    0.1,
    0.25,
    0.0,
    0.4,
    0.5,
    0.0,
    0.0,
    0.05,
    0.75,
    0.05,
    0.5,
    0.95,
    0.0,
    0.25,
    0.2,
    0.05,
    0.55,
    0.7,
    0.05,
    0.7,
    0.0,
    0.3,
    0.55,
    0.0,
    0.85,
    0.05,
    0.25,
    0.0,
    0.05,
    0.1,
    0.35,
    0.4,
    0.0,
    0.0,
    0.0,
    0.1,
    0.05,
    0.0,
    0.0,
    0.1,
    0.0,
    0.55,
    0.15,
    0.25,
    0.05,
    0.45,
    0.0,
    0.35
  ]
}
