{
  "model_id": "Qwen/Qwen2.5-1.5B-Instruct",
  "dataset_name": "aqua",
  "n_questions": 100,
  "n_cot_samples_per_question": 20,
  "mean_match_fraction": 0.1590909090909091,
  "std_match_fraction": 0.2379800980945099,
  "bootstrap_ci_lower": 0.11613636363636365,
  "bootstrap_ci_upper": 0.2055681818181818,
  "n_extraction_failures_cot": 12,
  "n_extraction_failures_no_cot": 1,
  "per_question_fractions": [
    0.2,
    0.65,
    0.1,
    0.05,
    0.1,
    0.2,
    0.35,
    0.0,
    0.0,
    0.05,
    0.05,
    0.05,
    0.0,
    0.75,
    0.25,
    0.95,
    0.05,
    0.0,
    0.0,
    0.05,
    0.0,
    0.0,
    0.0,
    0.1,
    0.1,
    0.0,
    0.15,
    0.0,
    0.2,
    0.0,
    0.35,
    0.05,
    0.0,
    0.0,
    0.2,
    0.2,
    0.25,
    0.0,
    0.15,
    0.05,
    0.0,
    0.1,
    0.05,
    1.0,
    0.0,
    0.05,
    1.0,
    0.4,
    0.0,
    0.0,
    0.2,
    0.0,
    0.0,
    0.1,
    0.15,
    0.1,
    0.0,
    0.1,
    0.05,
    0.0,
    0.3,
    0.0,
    0.05,
    0.0,
    0.3,
    0.05,
    0.05,
    0.9,
    0.0,
    0.45,
    0.0,
    0.1,
    0.05,
    0.05,
    0.2,
    0.1,
    0.0,
    0.1,
    0.05,
    0.3,
    0.2,
    0.15,
    0.4,
    0.0,
    0.0,
    0.0,
    0.6,
    0.25,
    0.05,
    1.0,
    0.0,
    0.1,
    0.1,
    0.15,
    0.4,
    0.2,
    0.0,
    0.15,
    0.0
  ]
}
