{
  "model_id": "meta-llama/Llama-3.2-1B-Instruct",
  "dataset_name": "arc_challenge",
  "n_questions": 100,
  "n_cot_samples_per_question": 20,
  "mean_match_fraction": 0.5020000000000001,
  "std_match_fraction": 0.2777516876636396,
  "bootstrap_ci_lower": 0.44748750000000004,
  "bootstrap_ci_upper": 0.556,
  "n_extraction_failures_cot": 2,
  "n_extraction_failures_no_cot": 0,
  "per_question_fractions": [
    0.5,
    0.7,
    0.15,
    0.9,
    0.95,
    0.05,
    0.25,
    0.05,
    0.55,
    0.3,
    0.65,
    0.05,
    0.55,
    0.7,
    0.25,
    0.2,
    0.2,
    0.25,
    0.2,
    0.35,
    0.35,
    0.6,
    0.45,
    0.75,
    0.5,
    0.75,
    0.2,
    0.75,
    0.15,
    0.25,
    0.9,
    0.55,
    0.7,
    0.6,
    0.5,
    0.2,
    0.65,
    0.8,
    0.4,
    0.35,
    0.35,
    0.75,
    0.1,
    0.9,
    0.6,
    1.0,
    0.2,
    0.05,
    0.65,
    0.15,
    0.35,
    0.35,
    0.65,
    0.75,
    0.35,
    0.35,
    0.25,
    0.65,
    0.95,
    0.35,
    0.05,
    0.35,
    0.8,
    0.35,
    0.85,
    1.0,
    0.55,
    0.7,
    0.7,
    1.0,
    0.85,
    0.2,
    0.3,
    0.55,
    0.95,
    0.25,
    0.45,
    0.1,
    0.4,
    0.65,
    0.4,
    0.65,
    0.75,
    0.45,
    1.0,
    0.3,
    0.85,
    0.2,
    0.6,
    0.65,
    0.35,
    0.9,
    0.0,
    0.25,
    0.75,
    0.4,
    0.2,
    0.6,
    0.95,
    0.95
  ]
}
