{
  "model_id": "Qwen/Qwen2.5-0.5B-Instruct",
  "dataset_name": "openbookqa",
  "n_questions": 100,
  "n_cot_samples_per_question": 20,
  "mean_match_fraction": 0.20549999999999996,
  "std_match_fraction": 0.18893054279284757,
  "bootstrap_ci_lower": 0.17148749999999996,
  "bootstrap_ci_upper": 0.24299999999999997,
  "n_extraction_failures_cot": 0,
  "n_extraction_failures_no_cot": 0,
  "per_question_fractions": [
    0.4,
    0.2,
    0.1,
    0.15,
    0.35,
    0.15,
    0.3,
    0.75,
    0.05,
    0.4,
    0.1,
    0.2,
    0.3,
    0.4,
    0.05,
    0.15,
    0.2,
    0.3,
    0.4,
    0.1,
    0.0,
    0.35,
    0.55,
    0.5,
    0.3,
    0.2,
    0.15,
    0.6,
    0.2,
    0.1,
    0.45,
    0.2,
    0.15,
    0.1,
    0.0,
    0.05,
    0.2,
    0.05,
    0.55,
    0.3,
    0.15,
    0.0,
    0.05,
    0.15,
    0.05,
    0.15,
    0.1,
    0.1,
    0.05,
    0.25,
    0.15,
    0.45,
    0.1,
    0.05,
    0.25,
    0.1,
    0.15,
    0.05,
    0.05,
    0.2,
    0.05,
    0.3,
    0.35,
    0.05,
    1.0,
    0.1,
    0.2,
    0.0,
    0.75,
    0.0,
    0.05,
    0.15,
    0.1,
    0.0,
    0.45,
    0.2,
    0.2,
    0.1,
    0.05,
    0.0,
    0.15,
    0.05,
    0.05,
    0.0,
    0.15,
    0.4,
    0.3,
    0.05,
    0.2,
    0.05,
    0.55,
    0.25,
    0.1,
    0.4,
    0.6,
    0.25,
    0.05,
    0.0,
    0.05,
    0.15
  ]
}
