{
  "model_id": "Qwen/Qwen2.5-32B",
  "dataset_name": "arc_challenge",
  "n_questions": 100,
  "n_cot_samples_per_question": 20,
  "mean_match_fraction": 0.309,
  "std_match_fraction": 0.13645145656972665,
  "bootstrap_ci_lower": 0.2839875,
  "bootstrap_ci_upper": 0.3390000000000001,
  "n_extraction_failures_cot": 103,
  "n_extraction_failures_no_cot": 0,
  "per_question_fractions": [
    0.2,
    0.35,
    0.4,
    0.4,
    0.35,
    0.1,
    0.5,
    0.3,
    0.4,
    0.3,
    0.0,
    0.25,
    0.4,
    0.35,
    0.2,
    0.5,
    0.45,
    0.25,
    0.55,
    0.25,
    0.35,
    0.25,
    0.35,
    0.3,
    0.4,
    0.4,
    0.2,
    0.25,
    0.0,
    0.45,
    0.25,
    0.35,
    0.45,
    0.45,
    0.2,
    0.35,
    0.45,
    0.5,
    0.35,
    0.3,
    0.15,
    0.35,
    0.3,
    0.4,
    0.25,
    0.35,
    0.65,
    0.35,
    0.2,
    0.3,
    0.4,
    0.2,
    0.15,
    0.05,
    0.2,
    0.35,
    0.65,
    0.1,
    0.1,
    0.35,
    0.4,
    0.1,
    0.35,
    0.15,
    0.45,
    0.25,
    0.45,
    0.3,
    0.5,
    0.35,
    0.1,
    0.35,
    0.25,
    0.25,
    0.2,
    0.35,
    0.25,
    0.05,
    0.3,
    0.5,
    0.15,
    0.45,
    0.45,
    0.15,
    0.4,
    0.4,
    0.35,
    0.25,
    0.1,
    0.25,
    0.25,
    0.35,
    0.2,
    0.35,
    0.3,
    0.25,
    0.55,
    0.3,
    0.0,
    0.55
  ]
}
