{
  "model_id": "meta-llama/Llama-3.1-8B-Instruct",
  "dataset_name": "hellaswag",
  "n_questions": 100,
  "n_cot_samples_per_question": 20,
  "mean_match_fraction": 0.22399999999999998,
  "std_match_fraction": 0.32638014645501956,
  "bootstrap_ci_lower": 0.1629875,
  "bootstrap_ci_upper": 0.292525,
  "n_extraction_failures_cot": 3,
  "n_extraction_failures_no_cot": 0,
  "per_question_fractions": [
    0.0,
    0.0,
    0.1,
    0.0,
    0.2,
    0.0,
    0.0,
    0.1,
    0.0,
    0.05,
    0.0,
    0.05,
    0.35,
    0.3,
    0.15,
    0.0,
    0.0,
    0.0,
    0.45,
    0.0,
    0.0,
    0.0,
    0.05,
    0.05,
    0.0,
    0.0,
    0.0,
    0.0,
    0.25,
    0.0,
    0.3,
    0.0,
    0.5,
    0.0,
    0.5,
    0.05,
    0.6,
    0.9,
    0.0,
    0.35,
    0.35,
    0.05,
    0.0,
    0.0,
    0.0,
    0.0,
    0.0,
    0.85,
    1.0,
    0.0,
    0.7,
    1.0,
    1.0,
    1.0,
    0.0,
    0.0,
    0.0,
    0.1,
    0.0,
    0.0,
    0.0,
    0.0,
    0.0,
    0.0,
    0.65,
    0.0,
    0.35,
    0.05,
    0.25,
    0.0,
    0.0,
    0.7,
    0.0,
    0.75,
    0.05,
    0.05,
    0.15,
    0.75,
    0.15,
    0.15,
    0.55,
    0.0,
    0.0,
    0.9,
    1.0,
    0.35,
    0.05,
    0.0,
    0.1,
    0.0,
    0.0,
    0.2,
    0.0,
    0.0,
    0.1,
    0.65,
    0.2,
    1.0,
    1.0,
    0.9
  ]
}
