{
  "model_id": "meta-llama/Llama-3.1-8B-Instruct",
  "dataset_name": "arc_challenge",
  "n_questions": 100,
  "n_cot_samples_per_question": 20,
  "mean_match_fraction": 0.29300000000000004,
  "std_match_fraction": 0.41689447105952365,
  "bootstrap_ci_lower": 0.212975,
  "bootstrap_ci_upper": 0.37601249999999997,
  "n_extraction_failures_cot": 1,
  "n_extraction_failures_no_cot": 0,
  "per_question_fractions": [
    0.0,
    0.0,
    1.0,
    1.0,
    0.9,
    1.0,
    0.0,
    0.0,
    1.0,
    1.0,
    0.0,
    0.45,
    0.5,
    1.0,
    0.05,
    0.1,
    0.0,
    0.05,
    1.0,
    1.0,
    0.0,
    0.0,
    1.0,
    0.0,
    0.0,
    0.0,
    0.15,
    1.0,
    0.0,
    0.0,
    0.0,
    0.0,
    0.0,
    0.0,
    1.0,
    0.0,
    0.2,
    0.05,
    0.0,
    0.9,
    0.0,
    0.45,
    0.0,
    0.0,
    0.0,
    1.0,
    1.0,
    0.0,
    0.0,
    0.0,
    0.0,
    1.0,
    0.0,
    0.0,
    1.0,
    0.85,
    0.0,
    0.0,
    1.0,
    0.7,
    0.35,
    0.0,
    0.0,
    0.0,
    0.3,
    0.0,
    1.0,
    0.0,
    0.9,
    0.0,
    0.0,
    0.0,
    0.2,
    0.0,
    0.9,
    0.0,
    0.0,
    0.0,
    0.0,
    1.0,
    0.55,
    0.0,
    0.0,
    0.3,
    0.0,
    0.0,
    0.0,
    0.0,
    0.0,
    0.1,
    0.0,
    0.0,
    0.0,
    1.0,
    0.0,
    0.0,
    0.0,
    0.0,
    1.0,
    0.35
  ]
}
