{
  "model_id": "Qwen/Qwen2.5-14B",
  "dataset_name": "arc_challenge",
  "n_questions": 100,
  "n_cot_samples_per_question": 20,
  "mean_match_fraction": 0.3475,
  "std_match_fraction": 0.14838716251751702,
  "bootstrap_ci_lower": 0.32,
  "bootstrap_ci_upper": 0.37699999999999995,
  "n_extraction_failures_cot": 77,
  "n_extraction_failures_no_cot": 0,
  "per_question_fractions": [
    0.3,
    0.45,
    0.4,
    0.55,
    0.3,
    0.3,
    0.6,
    0.5,
    0.65,
    0.45,
    0.0,
    0.25,
    0.55,
    0.25,
    0.75,
    0.5,
    0.45,
    0.25,
    0.15,
    0.5,
    0.4,
    0.2,
    0.35,
    0.15,
    0.35,
    0.35,
    0.1,
    0.25,
    0.0,
    0.4,
    0.4,
    0.3,
    0.35,
    0.25,
    0.35,
    0.5,
    0.3,
    0.3,
    0.25,
    0.8,
    0.3,
    0.3,
    0.3,
    0.4,
    0.2,
    0.4,
    0.45,
    0.45,
    0.3,
    0.65,
    0.45,
    0.25,
    0.15,
    0.05,
    0.25,
    0.3,
    0.4,
    0.2,
    0.25,
    0.35,
    0.25,
    0.2,
    0.4,
    0.3,
    0.35,
    0.25,
    0.25,
    0.15,
    0.45,
    0.4,
    0.4,
    0.25,
    0.2,
    0.25,
    0.35,
    0.4,
    0.35,
    0.4,
    0.35,
    0.55,
    0.3,
    0.6,
    0.1,
    0.15,
    0.2,
    0.35,
    0.55,
    0.4,
    0.3,
    0.45,
    0.5,
    0.45,
    0.2,
    0.4,
    0.2,
    0.25,
    0.45,
    0.35,
    0.6,
    0.55
  ]
}
