{
  "model_id": "Qwen/Qwen2.5-1.5B",
  "dataset_name": "logiqa",
  "n_questions": 100,
  "n_cot_samples_per_question": 20,
  "mean_match_fraction": 0.254,
  "std_match_fraction": 0.146744676223705,
  "bootstrap_ci_lower": 0.225,
  "bootstrap_ci_upper": 0.28300000000000003,
  "n_extraction_failures_cot": 276,
  "n_extraction_failures_no_cot": 0,
  "per_question_fractions": [
    0.35,
    0.05,
    0.05,
    0.3,
    0.3,
    0.25,
    0.2,
    0.05,
    0.2,
    0.3,
    0.05,
    0.4,
    0.3,
    0.4,
    0.25,
    0.45,
    0.55,
    0.65,
    0.25,
    0.25,
    0.1,
    0.15,
    0.4,
    0.0,
    0.25,
    0.1,
    0.25,
    0.25,
    0.1,
    0.5,
    0.15,
    0.05,
    0.5,
    0.25,
    0.3,
    0.5,
    0.2,
    0.3,
    0.25,
    0.1,
    0.15,
    0.1,
    0.35,
    0.5,
    0.6,
    0.45,
    0.4,
    0.35,
    0.45,
    0.45,
    0.1,
    0.5,
    0.15,
    0.1,
    0.25,
    0.35,
    0.2,
    0.05,
    0.15,
    0.15,
    0.0,
    0.7,
    0.35,
    0.15,
    0.2,
    0.25,
    0.3,
    0.3,
    0.15,
    0.1,
    0.45,
    0.2,
    0.35,
    0.25,
    0.2,
    0.2,
    0.25,
    0.15,
    0.15,
    0.1,
    0.15,
    0.25,
    0.3,
    0.25,
    0.05,
    0.1,
    0.25,
    0.3,
    0.3,
    0.1,
    0.35,
    0.05,
    0.2,
    0.45,
    0.25,
    0.2,
    0.3,
    0.25,
    0.25,
    0.15
  ]
}
