{
  "model_id": "Qwen/Qwen2.5-3B-Instruct",
  "dataset_name": "logiqa",
  "n_questions": 100,
  "n_cot_samples_per_question": 20,
  "mean_match_fraction": 0.2395,
  "std_match_fraction": 0.26909988851725675,
  "bootstrap_ci_lower": 0.18849999999999997,
  "bootstrap_ci_upper": 0.2930125,
  "n_extraction_failures_cot": 16,
  "n_extraction_failures_no_cot": 0,
  "per_question_fractions": [
    0.8,
    0.15,
    0.05,
    0.0,
    0.35,
    0.15,
    0.0,
    0.2,
    1.0,
    0.05,
    0.2,
    0.2,
    0.0,
    0.65,
    0.0,
    0.1,
    0.0,
    0.3,
    0.7,
    0.65,
    0.0,
    0.0,
    0.35,
    0.0,
    0.35,
    0.0,
    0.0,
    0.55,
    0.1,
    0.0,
    0.05,
    0.15,
    0.15,
    0.2,
    1.0,
    0.35,
    0.0,
    0.1,
    0.3,
    0.0,
    0.3,
    0.35,
    0.0,
    0.95,
    0.1,
    0.4,
    0.0,
    0.0,
    0.2,
    0.15,
    0.6,
    0.15,
    0.4,
    0.0,
    1.0,
    0.0,
    0.0,
    0.5,
    0.15,
    0.0,
    0.0,
    0.65,
    0.05,
    0.0,
    0.15,
    0.0,
    0.2,
    0.1,
    0.15,
    0.1,
    0.0,
    0.5,
    0.0,
    0.2,
    0.45,
    0.0,
    0.1,
    0.45,
    0.4,
    0.0,
    0.05,
    0.5,
    0.05,
    0.1,
    0.05,
    0.15,
    0.5,
    0.55,
    0.0,
    0.95,
    0.8,
    0.35,
    0.0,
    0.35,
    0.1,
    0.3,
    0.3,
    0.15,
    0.55,
    0.2
  ]
}
