{
  "model_id": "meta-llama/Llama-3.2-3B-Instruct",
  "dataset_name": "aqua",
  "n_questions": 100,
  "n_cot_samples_per_question": 20,
  "mean_match_fraction": 0.3065656565656566,
  "std_match_fraction": 0.34323523640121395,
  "bootstrap_ci_lower": 0.24338383838383845,
  "bootstrap_ci_upper": 0.3742424242424242,
  "n_extraction_failures_cot": 32,
  "n_extraction_failures_no_cot": 1,
  "per_question_fractions": [
    0.1,
    0.05,
    0.3,
    0.2,
    0.05,
    0.0,
    0.0,
    0.7,
    0.1,
    1.0,
    0.0,
    0.0,
    0.0,
    0.9,
    0.2,
    0.5,
    0.6,
    0.3,
    0.1,
    0.9,
    0.95,
    0.0,
    0.0,
    0.0,
    0.1,
    0.7,
    0.2,
    0.05,
    0.1,
    0.5,
    0.3,
    0.0,
    0.0,
    0.1,
    0.5,
    0.25,
    0.0,
    0.9,
    0.0,
    0.1,
    0.5,
    0.05,
    0.65,
    0.85,
    0.45,
    0.0,
    0.1,
    0.65,
    0.45,
    0.35,
    0.25,
    1.0,
    0.4,
    0.1,
    0.15,
    0.0,
    1.0,
    0.0,
    1.0,
    0.1,
    1.0,
    0.65,
    0.0,
    0.3,
    0.05,
    0.45,
    0.0,
    0.0,
    0.8,
    0.1,
    0.3,
    0.2,
    0.8,
    0.0,
    0.95,
    0.85,
    0.55,
    0.05,
    0.45,
    0.0,
    0.0,
    0.15,
    0.8,
    0.0,
    0.65,
    0.1,
    0.05,
    0.05,
    0.0,
    0.1,
    0.0,
    1.0,
    0.05,
    0.0,
    0.0,
    1.0,
    0.1,
    0.0,
    0.0
  ]
}
