{
  "model_id": "Qwen/Qwen2.5-14B",
  "dataset_name": "aqua",
  "n_questions": 100,
  "n_cot_samples_per_question": 20,
  "mean_match_fraction": 0.23850000000000002,
  "std_match_fraction": 0.16307283648725807,
  "bootstrap_ci_lower": 0.20746250000000002,
  "bootstrap_ci_upper": 0.2715,
  "n_extraction_failures_cot": 28,
  "n_extraction_failures_no_cot": 0,
  "per_question_fractions": [
    0.05,
    0.25,
    0.1,
    0.1,
    0.15,
    0.35,
    0.6,
    0.15,
    0.15,
    0.45,
    0.35,
    0.45,
    0.05,
    0.35,
    0.65,
    0.35,
    0.55,
    0.35,
    0.0,
    0.55,
    0.45,
    0.5,
    0.4,
    0.25,
    0.1,
    0.35,
    0.4,
    0.35,
    0.1,
    0.15,
    0.05,
    0.2,
    0.35,
    0.4,
    0.1,
    0.25,
    0.05,
    0.15,
    0.1,
    0.15,
    0.3,
    0.15,
    0.05,
    0.25,
    0.45,
    0.05,
    0.2,
    0.25,
    0.1,
    0.15,
    0.2,
    0.15,
    0.35,
    0.2,
    0.3,
    0.25,
    0.25,
    0.0,
    0.3,
    0.25,
    0.15,
    0.5,
    0.1,
    0.05,
    0.05,
    0.15,
    0.25,
    0.3,
    0.05,
    0.5,
    0.0,
    0.1,
    0.4,
    0.1,
    0.45,
    0.15,
    0.2,
    0.55,
    0.35,
    0.05,
    0.1,
    0.5,
    0.2,
    0.05,
    0.1,
    0.05,
    0.1,
    0.05,
    0.15,
    0.2,
    0.0,
    0.25,
    0.45,
    0.2,
    0.6,
    0.45,
    0.3,
    0.2,
    0.35,
    0.05
  ]
}
