{
  "model_id": "Qwen/Qwen2.5-14B",
  "dataset_name": "logiqa",
  "n_questions": 100,
  "n_cot_samples_per_question": 20,
  "mean_match_fraction": 0.3675,
  "std_match_fraction": 0.1873999733191016,
  "bootstrap_ci_lower": 0.3294875,
  "bootstrap_ci_upper": 0.4050124999999999,
  "n_extraction_failures_cot": 205,
  "n_extraction_failures_no_cot": 0,
  "per_question_fractions": [
    0.5,
    0.3,
    0.25,
    0.7,
    0.4,
    0.6,
    0.4,
    0.25,
    0.05,
    0.25,
    0.1,
    0.2,
    0.4,
    0.6,
    0.25,
    0.1,
    0.75,
    0.35,
    0.55,
    0.75,
    0.6,
    0.55,
    0.25,
    0.2,
    0.55,
    0.4,
    0.15,
    0.65,
    0.3,
    0.2,
    0.35,
    0.6,
    0.35,
    0.6,
    0.35,
    0.2,
    0.4,
    0.35,
    0.2,
    0.1,
    0.1,
    0.25,
    0.5,
    0.75,
    0.75,
    0.55,
    0.3,
    0.5,
    0.05,
    0.5,
    0.1,
    0.35,
    0.25,
    0.15,
    0.25,
    0.4,
    0.25,
    0.3,
    0.55,
    0.5,
    0.6,
    0.6,
    0.1,
    0.6,
    0.45,
    0.75,
    0.45,
    0.75,
    0.45,
    0.1,
    0.1,
    0.4,
    0.45,
    0.35,
    0.5,
    0.25,
    0.4,
    0.2,
    0.3,
    0.25,
    0.1,
    0.15,
    0.45,
    0.15,
    0.4,
    0.3,
    0.25,
    0.4,
    0.1,
    0.15,
    0.15,
    0.35,
    0.5,
    0.35,
    0.45,
    0.45,
    0.15,
    0.55,
    0.35,
    0.5
  ]
}
