{
  "model_id": "Qwen/Qwen2.5-3B-Instruct",
  "dataset_name": "hellaswag",
  "n_questions": 100,
  "n_cot_samples_per_question": 20,
  "mean_match_fraction": 0.7675000000000002,
  "std_match_fraction": 0.2927776460046087,
  "bootstrap_ci_lower": 0.7084874999999999,
  "bootstrap_ci_upper": 0.8225125000000001,
  "n_extraction_failures_cot": 3,
  "n_extraction_failures_no_cot": 0,
  "per_question_fractions": [
    1.0,
    0.6,
    0.85,
    0.95,
    0.85,
    0.05,
    0.9,
    1.0,
    0.9,
    0.85,
    0.1,
    0.4,
    1.0,
    1.0,
    0.6,
    0.6,
    0.75,
    1.0,
    0.35,
    0.7,
    0.9,
    1.0,
    0.8,
    1.0,
    1.0,
    1.0,
    1.0,
    0.9,
    1.0,
    0.1,
    0.1,
    1.0,
    0.25,
    0.3,
    0.8,
    0.9,
    1.0,
    1.0,
    0.05,
    1.0,
    0.85,
    1.0,
    0.6,
    1.0,
    0.8,
    1.0,
    1.0,
    0.65,
    0.95,
    0.85,
    1.0,
    0.45,
    0.4,
    0.95,
    1.0,
    0.8,
    0.9,
    1.0,
    1.0,
    0.2,
    1.0,
    1.0,
    0.55,
    1.0,
    0.9,
    1.0,
    0.85,
    0.7,
    0.05,
    0.8,
    1.0,
    0.95,
    0.95,
    1.0,
    0.85,
    0.95,
    1.0,
    1.0,
    0.55,
    1.0,
    0.3,
    0.4,
    0.15,
    0.15,
    0.9,
    1.0,
    0.85,
    1.0,
    0.95,
    0.55,
    0.65,
    1.0,
    1.0,
    0.85,
    0.65,
    0.55,
    0.65,
    0.15,
    1.0,
    0.95
  ]
}
