{
  "model_id": "Qwen/Qwen2.5-72B-Instruct-AWQ",
  "dataset_name": "logiqa",
  "n_questions": 100,
  "n_cot_samples_per_question": 20,
  "mean_match_fraction": 0.20000000000000004,
  "std_match_fraction": 0.3399264626356706,
  "bootstrap_ci_lower": 0.1365,
  "bootstrap_ci_upper": 0.27151249999999993,
  "n_extraction_failures_cot": 4,
  "n_extraction_failures_no_cot": 0,
  "per_question_fractions": [
    0.0,
    0.2,
    0.0,
    0.0,
    1.0,
    0.0,
    0.0,
    0.0,
    1.0,
    0.0,
    0.1,
    0.25,
    0.0,
    0.0,
    0.0,
    0.0,
    0.0,
    0.4,
    0.0,
    0.0,
    0.0,
    0.0,
    0.2,
    0.0,
    0.15,
    0.95,
    0.0,
    0.0,
    0.6,
    0.0,
    0.0,
    0.0,
    0.0,
    0.1,
    0.0,
    0.7,
    0.7,
    0.0,
    0.0,
    0.05,
    0.6,
    0.0,
    0.0,
    0.0,
    0.0,
    0.0,
    0.0,
    0.0,
    0.5,
    1.0,
    0.0,
    0.1,
    0.05,
    1.0,
    1.0,
    0.4,
    0.0,
    0.35,
    0.0,
    0.0,
    0.0,
    0.0,
    0.0,
    1.0,
    0.0,
    0.0,
    0.0,
    0.0,
    0.0,
    0.0,
    0.35,
    1.0,
    0.0,
    0.0,
    1.0,
    0.0,
    0.0,
    0.4,
    0.0,
    0.0,
    0.0,
    0.0,
    0.3,
    0.15,
    0.0,
    0.8,
    0.85,
    0.95,
    0.0,
    1.0,
    0.2,
    0.0,
    0.0,
    0.0,
    0.0,
    0.0,
    0.0,
    0.6,
    0.0,
    0.0
  ]
}
