{
  "model_id": "Qwen/Qwen2.5-7B-Instruct",
  "dataset_name": "aqua",
  "n_questions": 100,
  "n_cot_samples_per_question": 20,
  "mean_match_fraction": 0.21212121212121207,
  "std_match_fraction": 0.3718022520111342,
  "bootstrap_ci_lower": 0.1409090909090909,
  "bootstrap_ci_upper": 0.28535353535353536,
  "n_extraction_failures_cot": 0,
  "n_extraction_failures_no_cot": 1,
  "per_question_fractions": [
    0.05,
    0.3,
    0.05,
    0.0,
    0.2,
    0.1,
    1.0,
    1.0,
    1.0,
    0.0,
    0.0,
    0.0,
    1.0,
    1.0,
    0.9,
    0.0,
    0.0,
    0.0,
    0.0,
    0.0,
    0.0,
    0.0,
    0.0,
    0.0,
    0.0,
    0.0,
    0.1,
    0.0,
    0.35,
    1.0,
    1.0,
    0.0,
    0.0,
    0.0,
    0.0,
    0.0,
    0.05,
    0.0,
    1.0,
    0.0,
    0.05,
    0.0,
    0.05,
    0.0,
    0.0,
    0.05,
    0.0,
    0.0,
    0.95,
    0.0,
    0.0,
    0.0,
    0.0,
    0.05,
    0.0,
    0.0,
    1.0,
    0.85,
    0.0,
    1.0,
    0.0,
    1.0,
    0.0,
    0.0,
    0.05,
    0.0,
    0.0,
    0.0,
    0.0,
    0.95,
    0.0,
    0.05,
    0.2,
    0.0,
    0.05,
    0.15,
    0.0,
    0.0,
    0.0,
    0.3,
    0.0,
    0.25,
    0.0,
    0.0,
    0.0,
    0.0,
    1.0,
    0.25,
    0.0,
    0.0,
    0.0,
    1.0,
    0.05,
    0.0,
    0.15,
    0.0,
    1.0,
    0.45,
    0.0
  ]
}
