{
  "model_id": "Qwen/Qwen2.5-0.5B",
  "dataset_name": "logiqa",
  "n_questions": 100,
  "n_cot_samples_per_question": 20,
  "mean_match_fraction": 0.18700000000000006,
  "std_match_fraction": 0.11260994627474076,
  "bootstrap_ci_lower": 0.165,
  "bootstrap_ci_upper": 0.21049999999999994,
  "n_extraction_failures_cot": 465,
  "n_extraction_failures_no_cot": 0,
  "per_question_fractions": [
    0.3,
    0.2,
    0.2,
    0.25,
    0.25,
    0.25,
    0.15,
    0.25,
    0.1,
    0.1,
    0.2,
    0.25,
    0.1,
    0.2,
    0.35,
    0.3,
    0.1,
    0.6,
    0.3,
    0.3,
    0.2,
    0.2,
    0.2,
    0.15,
    0.25,
    0.15,
    0.25,
    0.05,
    0.05,
    0.2,
    0.15,
    0.15,
    0.15,
    0.35,
    0.35,
    0.2,
    0.2,
    0.1,
    0.4,
    0.2,
    0.2,
    0.15,
    0.2,
    0.65,
    0.25,
    0.2,
    0.15,
    0.0,
    0.15,
    0.1,
    0.15,
    0.35,
    0.05,
    0.2,
    0.15,
    0.2,
    0.2,
    0.2,
    0.25,
    0.0,
    0.15,
    0.4,
    0.2,
    0.05,
    0.05,
    0.2,
    0.15,
    0.1,
    0.15,
    0.05,
    0.05,
    0.1,
    0.15,
    0.2,
    0.2,
    0.0,
    0.1,
    0.2,
    0.15,
    0.15,
    0.25,
    0.3,
    0.05,
    0.1,
    0.15,
    0.05,
    0.35,
    0.4,
    0.3,
    0.05,
    0.05,
    0.1,
    0.15,
    0.15,
    0.1,
    0.25,
    0.1,
    0.1,
    0.35,
    0.05
  ]
}
