{
  "model_id": "meta-llama/Llama-3.2-1B-Instruct",
  "dataset_name": "logiqa",
  "n_questions": 100,
  "n_cot_samples_per_question": 20,
  "mean_match_fraction": 0.2605,
  "std_match_fraction": 0.1875226652967582,
  "bootstrap_ci_lower": 0.227975,
  "bootstrap_ci_upper": 0.2965124999999999,
  "n_extraction_failures_cot": 8,
  "n_extraction_failures_no_cot": 0,
  "per_question_fractions": [
    0.65,
    0.4,
    0.4,
    0.75,
    0.25,
    0.25,
    0.55,
    0.45,
    0.35,
    0.05,
    0.4,
    0.65,
    0.3,
    0.15,
    0.25,
    0.25,
    0.5,
    0.35,
    0.25,
    0.3,
    0.25,
    0.8,
    0.3,
    0.0,
    0.3,
    0.2,
    0.15,
    0.0,
    0.15,
    0.05,
    0.25,
    0.5,
    0.15,
    0.6,
    0.15,
    0.2,
    0.15,
    0.2,
    0.25,
    0.25,
    0.3,
    0.4,
    0.35,
    0.15,
    0.2,
    0.3,
    0.2,
    0.15,
    0.2,
    0.2,
    0.1,
    0.15,
    0.15,
    0.6,
    0.1,
    0.25,
    0.15,
    0.55,
    0.15,
    0.0,
    0.1,
    0.15,
    0.05,
    0.4,
    0.05,
    0.25,
    0.0,
    0.15,
    0.4,
    0.1,
    0.15,
    0.4,
    0.8,
    0.05,
    0.3,
    0.35,
    0.15,
    0.45,
    0.4,
    0.05,
    0.45,
    0.2,
    0.1,
    0.45,
    0.65,
    0.1,
    0.0,
    0.3,
    0.0,
    0.1,
    0.05,
    0.2,
    0.15,
    0.35,
    0.0,
    0.1,
    0.15,
    0.55,
    0.05,
    0.3
  ]
}
