{
  "model_id": "meta-llama/Llama-3.2-3B-Instruct",
  "dataset_name": "hellaswag",
  "n_questions": 100,
  "n_cot_samples_per_question": 20,
  "mean_match_fraction": 0.281,
  "std_match_fraction": 0.34049816445907605,
  "bootstrap_ci_lower": 0.21550000000000005,
  "bootstrap_ci_upper": 0.3510124999999999,
  "n_extraction_failures_cot": 1,
  "n_extraction_failures_no_cot": 0,
  "per_question_fractions": [
    0.05,
    0.0,
    0.4,
    0.0,
    0.1,
    0.0,
    0.85,
    0.0,
    0.0,
    0.0,
    0.0,
    0.15,
    0.2,
    0.45,
    0.0,
    0.45,
    0.15,
    0.05,
    0.05,
    0.0,
    0.0,
    1.0,
    0.1,
    0.0,
    0.0,
    0.0,
    0.2,
    1.0,
    0.1,
    1.0,
    0.95,
    0.2,
    0.15,
    0.15,
    0.35,
    0.4,
    0.0,
    0.8,
    0.7,
    0.3,
    0.4,
    0.0,
    0.0,
    0.1,
    0.0,
    0.0,
    0.15,
    0.0,
    1.0,
    0.0,
    0.75,
    0.0,
    0.0,
    0.75,
    0.05,
    1.0,
    1.0,
    0.7,
    0.0,
    0.0,
    0.0,
    0.0,
    0.6,
    0.0,
    0.0,
    0.0,
    0.5,
    0.95,
    0.75,
    0.0,
    0.65,
    0.25,
    0.4,
    0.3,
    0.1,
    0.4,
    0.3,
    0.9,
    0.1,
    0.05,
    0.4,
    0.0,
    0.05,
    0.6,
    0.0,
    0.25,
    0.05,
    0.0,
    0.0,
    0.0,
    0.0,
    0.25,
    0.05,
    0.25,
    0.4,
    1.0,
    0.0,
    1.0,
    0.85,
    0.5
  ]
}
