{
  "model_id": "Qwen/Qwen2.5-0.5B-Instruct",
  "dataset_name": "aqua",
  "n_questions": 100,
  "n_cot_samples_per_question": 20,
  "mean_match_fraction": 0.23249999999999996,
  "std_match_fraction": 0.1678354849249705,
  "bootstrap_ci_lower": 0.19949999999999998,
  "bootstrap_ci_upper": 0.2655125,
  "n_extraction_failures_cot": 11,
  "n_extraction_failures_no_cot": 0,
  "per_question_fractions": [
    0.25,
    0.4,
    0.15,
    0.25,
    0.05,
    0.3,
    0.55,
    0.15,
    0.35,
    0.05,
    0.9,
    0.65,
    0.15,
    0.2,
    0.05,
    0.25,
    0.2,
    0.15,
    0.1,
    0.35,
    0.35,
    0.3,
    0.0,
    0.1,
    0.4,
    0.25,
    0.0,
    0.15,
    0.35,
    0.05,
    0.45,
    0.25,
    0.0,
    0.3,
    0.35,
    0.4,
    0.15,
    0.1,
    0.1,
    0.0,
    0.25,
    0.2,
    0.4,
    0.15,
    0.05,
    0.25,
    0.45,
    0.15,
    0.0,
    0.1,
    0.1,
    0.15,
    0.5,
    0.2,
    0.25,
    0.6,
    0.15,
    0.0,
    0.25,
    0.0,
    0.05,
    0.15,
    0.25,
    0.25,
    0.2,
    0.1,
    0.4,
    0.4,
    0.15,
    0.15,
    0.15,
    0.15,
    0.3,
    0.1,
    0.4,
    0.65,
    0.3,
    0.45,
    0.2,
    0.15,
    0.15,
    0.05,
    0.35,
    0.3,
    0.1,
    0.4,
    0.1,
    0.05,
    0.3,
    0.3,
    0.3,
    0.15,
    0.4,
    0.15,
    0.2,
    0.55,
    0.0,
    0.2,
    0.45,
    0.05
  ]
}
