{
  "model_id": "Qwen/Qwen2.5-32B-Instruct",
  "dataset_name": "logiqa",
  "n_questions": 100,
  "n_cot_samples_per_question": 20,
  "mean_match_fraction": 0.7735000000000001,
  "std_match_fraction": 0.32237051664195343,
  "bootstrap_ci_lower": 0.7094875000000002,
  "bootstrap_ci_upper": 0.8330125,
  "n_extraction_failures_cot": 1,
  "n_extraction_failures_no_cot": 0,
  "per_question_fractions": [
    0.55,
    0.95,
    0.05,
    1.0,
    0.05,
    0.9,
    1.0,
    0.4,
    0.1,
    1.0,
    0.8,
    0.4,
    1.0,
    0.95,
    1.0,
    1.0,
    0.95,
    0.65,
    1.0,
    1.0,
    0.65,
    1.0,
    0.95,
    0.0,
    1.0,
    1.0,
    1.0,
    1.0,
    1.0,
    0.9,
    0.95,
    1.0,
    1.0,
    0.55,
    0.3,
    1.0,
    0.95,
    1.0,
    1.0,
    0.4,
    1.0,
    0.45,
    0.5,
    1.0,
    1.0,
    1.0,
    0.95,
    1.0,
    1.0,
    1.0,
    0.55,
    0.65,
    0.1,
    0.0,
    1.0,
    0.05,
    0.5,
    0.55,
    0.0,
    1.0,
    1.0,
    1.0,
    1.0,
    1.0,
    1.0,
    1.0,
    0.8,
    1.0,
    1.0,
    1.0,
    1.0,
    1.0,
    1.0,
    1.0,
    1.0,
    0.25,
    0.6,
    0.75,
    1.0,
    0.9,
    0.35,
    0.85,
    1.0,
    0.7,
    0.4,
    1.0,
    0.8,
    1.0,
    1.0,
    1.0,
    0.9,
    0.95,
    1.0,
    1.0,
    0.8,
    0.7,
    0.15,
    0.1,
    0.0,
    0.65
  ]
}
