{
  "model_id": "Qwen/Qwen2.5-3B-Instruct",
  "dataset_name": "arc_challenge",
  "n_questions": 100,
  "n_cot_samples_per_question": 20,
  "mean_match_fraction": 0.252,
  "std_match_fraction": 0.3816359521848014,
  "bootstrap_ci_lower": 0.18445,
  "bootstrap_ci_upper": 0.3270125,
  "n_extraction_failures_cot": 1,
  "n_extraction_failures_no_cot": 0,
  "per_question_fractions": [
    0.0,
    0.35,
    1.0,
    1.0,
    0.85,
    1.0,
    0.0,
    0.0,
    0.0,
    1.0,
    0.0,
    0.0,
    0.0,
    1.0,
    0.0,
    0.0,
    0.1,
    0.15,
    0.95,
    1.0,
    0.0,
    0.0,
    0.0,
    0.0,
    0.55,
    0.0,
    0.2,
    0.9,
    0.0,
    0.05,
    0.0,
    0.0,
    0.0,
    0.05,
    1.0,
    0.0,
    0.15,
    0.15,
    0.0,
    0.65,
    0.0,
    0.35,
    0.0,
    0.0,
    0.0,
    0.8,
    1.0,
    0.0,
    0.0,
    0.25,
    0.0,
    1.0,
    0.0,
    0.0,
    0.0,
    1.0,
    0.0,
    0.4,
    1.0,
    0.05,
    0.7,
    0.0,
    0.0,
    0.0,
    1.0,
    0.15,
    1.0,
    0.15,
    0.05,
    0.0,
    0.0,
    0.0,
    0.1,
    0.0,
    0.85,
    0.0,
    0.0,
    0.0,
    0.0,
    1.0,
    0.0,
    0.0,
    0.0,
    0.7,
    0.0,
    0.65,
    0.0,
    0.0,
    0.0,
    0.05,
    0.0,
    0.0,
    0.05,
    0.15,
    0.0,
    0.0,
    0.0,
    0.0,
    0.55,
    0.1
  ]
}
