{
  "model_id": "Qwen/Qwen2.5-32B",
  "dataset_name": "openbookqa",
  "n_questions": 100,
  "n_cot_samples_per_question": 20,
  "mean_match_fraction": 0.3435,
  "std_match_fraction": 0.13259996229260398,
  "bootstrap_ci_lower": 0.31800000000000006,
  "bootstrap_ci_upper": 0.37,
  "n_extraction_failures_cot": 126,
  "n_extraction_failures_no_cot": 0,
  "per_question_fractions": [
    0.35,
    0.15,
    0.5,
    0.35,
    0.5,
    0.05,
    0.45,
    0.5,
    0.65,
    0.25,
    0.35,
    0.35,
    0.5,
    0.35,
    0.45,
    0.35,
    0.45,
    0.25,
    0.5,
    0.35,
    0.2,
    0.4,
    0.35,
    0.35,
    0.25,
    0.25,
    0.1,
    0.3,
    0.2,
    0.45,
    0.15,
    0.7,
    0.3,
    0.45,
    0.35,
    0.05,
    0.25,
    0.55,
    0.25,
    0.5,
    0.25,
    0.1,
    0.45,
    0.45,
    0.4,
    0.35,
    0.2,
    0.3,
    0.45,
    0.45,
    0.35,
    0.25,
    0.3,
    0.35,
    0.35,
    0.25,
    0.3,
    0.35,
    0.2,
    0.5,
    0.25,
    0.3,
    0.3,
    0.35,
    0.35,
    0.35,
    0.2,
    0.4,
    0.6,
    0.2,
    0.5,
    0.25,
    0.45,
    0.4,
    0.2,
    0.2,
    0.2,
    0.45,
    0.25,
    0.35,
    0.15,
    0.25,
    0.25,
    0.2,
    0.15,
    0.4,
    0.2,
    0.35,
    0.6,
    0.2,
    0.55,
    0.55,
    0.5,
    0.4,
    0.25,
    0.35,
    0.3,
    0.5,
    0.55,
    0.45
  ]
}
