{
  "model_id": "Qwen/Qwen2.5-3B",
  "dataset_name": "hellaswag",
  "n_questions": 100,
  "n_cot_samples_per_question": 20,
  "mean_match_fraction": 0.32500000000000007,
  "std_match_fraction": 0.16499999999999998,
  "bootstrap_ci_lower": 0.2929875,
  "bootstrap_ci_upper": 0.3560125,
  "n_extraction_failures_cot": 62,
  "n_extraction_failures_no_cot": 0,
  "per_question_fractions": [
    0.35,
    0.3,
    0.15,
    0.4,
    0.4,
    0.4,
    0.25,
    0.1,
    0.3,
    0.3,
    0.25,
    0.15,
    0.25,
    0.3,
    0.3,
    0.25,
    0.1,
    0.4,
    0.2,
    0.35,
    0.4,
    0.3,
    0.25,
    0.15,
    0.25,
    0.3,
    0.3,
    0.15,
    0.2,
    0.1,
    0.1,
    0.5,
    0.0,
    0.1,
    0.5,
    0.25,
    0.55,
    0.55,
    0.4,
    0.3,
    0.3,
    0.55,
    0.05,
    0.75,
    0.25,
    0.3,
    0.4,
    0.5,
    0.45,
    0.25,
    0.5,
    0.3,
    0.6,
    0.55,
    0.55,
    0.25,
    0.25,
    0.6,
    0.55,
    0.2,
    0.4,
    0.6,
    0.1,
    0.55,
    0.15,
    0.3,
    0.35,
    0.35,
    0.2,
    0.2,
    0.65,
    0.5,
    0.15,
    0.15,
    0.35,
    0.55,
    0.3,
    0.45,
    0.05,
    0.65,
    0.45,
    0.15,
    0.2,
    0.3,
    0.25,
    0.2,
    0.15,
    0.25,
    0.15,
    0.25,
    0.25,
    0.4,
    0.35,
    0.2,
    0.6,
    0.3,
    0.55,
    0.05,
    0.7,
    0.45
  ]
}
