{
  "model_id": "Qwen/Qwen2.5-3B-Instruct",
  "dataset_name": "arc_challenge",
  "n_questions": 100,
  "n_cot_samples_per_question": 20,
  "mean_match_fraction": 0.7725,
  "std_match_fraction": 0.33033127311836524,
  "bootstrap_ci_lower": 0.705,
  "bootstrap_ci_upper": 0.8380125,
  "n_extraction_failures_cot": 1,
  "n_extraction_failures_no_cot": 0,
  "per_question_fractions": [
    0.35,
    1.0,
    0.95,
    1.0,
    1.0,
    0.0,
    0.95,
    1.0,
    0.15,
    1.0,
    1.0,
    0.25,
    1.0,
    1.0,
    0.85,
    1.0,
    1.0,
    0.8,
    0.95,
    1.0,
    0.95,
    1.0,
    0.7,
    0.95,
    0.85,
    1.0,
    1.0,
    0.9,
    0.0,
    1.0,
    1.0,
    1.0,
    0.95,
    0.15,
    0.5,
    0.15,
    0.45,
    1.0,
    1.0,
    1.0,
    1.0,
    1.0,
    1.0,
    0.9,
    1.0,
    1.0,
    1.0,
    1.0,
    0.85,
    0.0,
    0.8,
    1.0,
    1.0,
    1.0,
    0.2,
    1.0,
    0.55,
    1.0,
    0.9,
    1.0,
    1.0,
    0.9,
    1.0,
    1.0,
    1.0,
    1.0,
    0.55,
    1.0,
    0.95,
    1.0,
    0.15,
    0.85,
    1.0,
    0.2,
    1.0,
    1.0,
    0.45,
    0.1,
    1.0,
    0.0,
    0.7,
    0.5,
    0.7,
    0.0,
    1.0,
    0.2,
    1.0,
    0.5,
    1.0,
    1.0,
    0.35,
    0.8,
    0.65,
    0.9,
    0.95,
    0.05,
    0.35,
    0.45,
    1.0,
    1.0
  ]
}
