{
  "model_id": "meta-llama/Llama-3.2-1B-Instruct",
  "dataset_name": "hellaswag",
  "n_questions": 100,
  "n_cot_samples_per_question": 20,
  "mean_match_fraction": 0.252,
  "std_match_fraction": 0.20951372270092478,
  "bootstrap_ci_lower": 0.21048749999999997,
  "bootstrap_ci_upper": 0.29301249999999995,
  "n_extraction_failures_cot": 6,
  "n_extraction_failures_no_cot": 0,
  "per_question_fractions": [
    0.3,
    0.3,
    0.15,
    0.0,
    0.4,
    0.0,
    0.05,
    0.2,
    0.35,
    0.0,
    0.3,
    0.15,
    0.7,
    0.65,
    0.3,
    0.25,
    0.0,
    0.6,
    0.15,
    0.05,
    0.25,
    0.0,
    0.0,
    0.25,
    0.4,
    0.25,
    0.2,
    0.15,
    0.15,
    0.0,
    0.3,
    0.05,
    0.3,
    0.15,
    0.0,
    0.15,
    0.15,
    0.15,
    0.2,
    0.45,
    0.15,
    0.0,
    0.15,
    0.2,
    0.1,
    0.1,
    0.35,
    0.1,
    0.65,
    0.05,
    0.05,
    0.2,
    0.55,
    0.45,
    0.8,
    0.05,
    0.4,
    0.05,
    0.15,
    0.15,
    0.25,
    0.25,
    0.45,
    0.35,
    0.05,
    0.15,
    0.3,
    0.4,
    0.3,
    0.6,
    0.6,
    0.35,
    0.25,
    0.0,
    0.8,
    0.3,
    0.1,
    0.8,
    0.8,
    0.3,
    0.3,
    0.15,
    0.05,
    0.55,
    0.1,
    0.3,
    0.2,
    0.05,
    0.0,
    0.05,
    0.3,
    0.2,
    0.05,
    0.05,
    0.5,
    0.65,
    0.1,
    0.55,
    0.2,
    0.3
  ]
}
