{
  "model_id": "Qwen/Qwen2.5-7B",
  "dataset_name": "aqua",
  "n_questions": 100,
  "n_cot_samples_per_question": 20,
  "mean_match_fraction": 0.20850000000000005,
  "std_match_fraction": 0.15460514221719793,
  "bootstrap_ci_lower": 0.17850000000000002,
  "bootstrap_ci_upper": 0.2375125,
  "n_extraction_failures_cot": 37,
  "n_extraction_failures_no_cot": 0,
  "per_question_fractions": [
    0.0,
    0.05,
    0.1,
    0.1,
    0.15,
    0.45,
    0.4,
    0.15,
    0.1,
    0.35,
    0.45,
    0.35,
    0.1,
    0.35,
    0.45,
    0.35,
    0.5,
    0.45,
    0.1,
    0.55,
    0.4,
    0.35,
    0.35,
    0.5,
    0.15,
    0.6,
    0.2,
    0.25,
    0.05,
    0.0,
    0.25,
    0.2,
    0.15,
    0.55,
    0.15,
    0.55,
    0.05,
    0.05,
    0.1,
    0.05,
    0.05,
    0.15,
    0.2,
    0.05,
    0.15,
    0.1,
    0.1,
    0.15,
    0.15,
    0.1,
    0.2,
    0.45,
    0.4,
    0.2,
    0.0,
    0.25,
    0.05,
    0.1,
    0.25,
    0.35,
    0.2,
    0.15,
    0.1,
    0.15,
    0.1,
    0.0,
    0.2,
    0.3,
    0.0,
    0.0,
    0.45,
    0.2,
    0.2,
    0.15,
    0.5,
    0.3,
    0.15,
    0.15,
    0.05,
    0.1,
    0.15,
    0.5,
    0.1,
    0.05,
    0.15,
    0.2,
    0.15,
    0.05,
    0.1,
    0.4,
    0.2,
    0.05,
    0.1,
    0.05,
    0.2,
    0.2,
    0.35,
    0.1,
    0.3,
    0.1
  ]
}
