{
  "model_id": "Qwen/Qwen2.5-7B-Instruct",
  "dataset_name": "logiqa",
  "n_questions": 100,
  "n_cot_samples_per_question": 20,
  "mean_match_fraction": 0.264,
  "std_match_fraction": 0.3496483948197103,
  "bootstrap_ci_lower": 0.1959875,
  "bootstrap_ci_upper": 0.33149999999999996,
  "n_extraction_failures_cot": 21,
  "n_extraction_failures_no_cot": 0,
  "per_question_fractions": [
    1.0,
    0.25,
    1.0,
    0.0,
    0.7,
    1.0,
    0.0,
    0.15,
    1.0,
    0.05,
    0.0,
    0.95,
    0.3,
    0.6,
    0.0,
    0.15,
    0.0,
    0.0,
    0.85,
    0.45,
    0.0,
    0.05,
    0.0,
    0.0,
    0.15,
    0.35,
    0.05,
    0.95,
    0.0,
    0.85,
    0.0,
    0.0,
    0.05,
    0.4,
    0.0,
    0.25,
    0.0,
    0.0,
    0.0,
    0.0,
    0.15,
    0.05,
    0.05,
    0.85,
    0.1,
    0.15,
    0.0,
    0.05,
    0.15,
    0.75,
    0.05,
    0.2,
    0.1,
    0.0,
    1.0,
    0.9,
    0.6,
    0.05,
    0.0,
    0.95,
    0.1,
    0.15,
    0.0,
    0.0,
    0.0,
    0.9,
    0.0,
    0.0,
    0.0,
    0.65,
    0.05,
    0.65,
    0.0,
    0.0,
    0.05,
    0.0,
    0.05,
    0.1,
    0.6,
    0.0,
    0.85,
    0.0,
    0.15,
    0.05,
    1.0,
    0.05,
    0.05,
    0.0,
    0.0,
    1.0,
    0.05,
    0.3,
    0.0,
    0.5,
    0.0,
    0.0,
    0.6,
    0.1,
    0.5,
    0.2
  ]
}
