{
  "model_id": "meta-llama/Llama-3.2-3B-Instruct",
  "dataset_name": "hellaswag",
  "n_questions": 100,
  "n_cot_samples_per_question": 20,
  "mean_match_fraction": 0.602,
  "std_match_fraction": 0.3418274418474912,
  "bootstrap_ci_lower": 0.5315,
  "bootstrap_ci_upper": 0.6680124999999999,
  "n_extraction_failures_cot": 1,
  "n_extraction_failures_no_cot": 0,
  "per_question_fractions": [
    0.25,
    0.95,
    0.25,
    0.75,
    0.8,
    0.8,
    0.25,
    0.95,
    0.65,
    1.0,
    1.0,
    0.8,
    1.0,
    1.0,
    0.75,
    0.8,
    0.15,
    0.75,
    0.0,
    0.7,
    1.0,
    0.75,
    0.95,
    1.0,
    1.0,
    1.0,
    1.0,
    0.55,
    0.0,
    0.85,
    0.55,
    1.0,
    0.7,
    0.15,
    0.95,
    0.25,
    0.6,
    1.0,
    0.25,
    1.0,
    0.75,
    0.05,
    0.85,
    0.95,
    0.35,
    0.7,
    0.0,
    0.4,
    0.1,
    0.0,
    1.0,
    0.0,
    0.25,
    0.3,
    1.0,
    1.0,
    0.3,
    1.0,
    1.0,
    0.3,
    0.8,
    1.0,
    0.1,
    0.45,
    0.15,
    0.45,
    0.85,
    0.2,
    0.6,
    0.7,
    0.0,
    0.95,
    0.75,
    0.8,
    0.8,
    0.0,
    0.9,
    1.0,
    0.35,
    0.7,
    0.6,
    0.0,
    0.9,
    0.3,
    0.05,
    0.6,
    0.6,
    0.6,
    0.6,
    0.15,
    0.4,
    0.5,
    0.75,
    0.2,
    0.85,
    0.1,
    0.8,
    0.4,
    0.95,
    0.85
  ]
}
