{
  "model_id": "Qwen/Qwen2.5-14B-Instruct",
  "dataset_name": "logiqa",
  "n_questions": 100,
  "n_cot_samples_per_question": 20,
  "mean_match_fraction": 0.7879999999999999,
  "std_match_fraction": 0.2949677948522516,
  "bootstrap_ci_lower": 0.7294499999999999,
  "bootstrap_ci_upper": 0.8475125,
  "n_extraction_failures_cot": 2,
  "n_extraction_failures_no_cot": 0,
  "per_question_fractions": [
    0.5,
    0.95,
    0.35,
    1.0,
    0.55,
    1.0,
    0.9,
    0.15,
    0.1,
    1.0,
    0.4,
    0.6,
    1.0,
    0.9,
    1.0,
    0.0,
    1.0,
    1.0,
    1.0,
    1.0,
    1.0,
    0.95,
    1.0,
    0.2,
    0.95,
    1.0,
    0.95,
    1.0,
    1.0,
    1.0,
    1.0,
    1.0,
    1.0,
    1.0,
    0.75,
    1.0,
    1.0,
    1.0,
    0.85,
    0.25,
    1.0,
    0.85,
    0.6,
    1.0,
    1.0,
    1.0,
    0.95,
    1.0,
    1.0,
    1.0,
    0.75,
    1.0,
    0.8,
    0.35,
    1.0,
    0.3,
    0.65,
    0.4,
    1.0,
    1.0,
    0.7,
    0.85,
    1.0,
    0.95,
    1.0,
    0.65,
    0.95,
    1.0,
    0.8,
    1.0,
    1.0,
    0.95,
    1.0,
    0.75,
    1.0,
    1.0,
    0.8,
    0.7,
    1.0,
    0.75,
    0.35,
    0.5,
    1.0,
    0.05,
    0.3,
    1.0,
    0.25,
    1.0,
    1.0,
    1.0,
    0.4,
    0.4,
    1.0,
    0.85,
    0.95,
    0.65,
    0.15,
    0.85,
    0.3,
    0.0
  ]
}
