{
  "model_id": "Qwen/Qwen2.5-72B-Instruct-AWQ",
  "dataset_name": "aqua",
  "n_questions": 100,
  "n_cot_samples_per_question": 20,
  "mean_match_fraction": 0.61010101010101,
  "std_match_fraction": 0.4464777867255926,
  "bootstrap_ci_lower": 0.5126262626262627,
  "bootstrap_ci_upper": 0.6954545454545454,
  "n_extraction_failures_cot": 3,
  "n_extraction_failures_no_cot": 1,
  "per_question_fractions": [
    0.0,
    0.0,
    1.0,
    0.05,
    1.0,
    0.0,
    1.0,
    0.0,
    0.0,
    1.0,
    0.0,
    1.0,
    1.0,
    1.0,
    0.75,
    0.0,
    1.0,
    1.0,
    0.6,
    0.9,
    1.0,
    0.95,
    0.8,
    0.95,
    0.8,
    1.0,
    0.95,
    0.05,
    0.0,
    0.0,
    0.4,
    0.15,
    0.95,
    1.0,
    1.0,
    0.05,
    1.0,
    1.0,
    0.9,
    1.0,
    0.0,
    1.0,
    1.0,
    1.0,
    0.0,
    0.0,
    0.75,
    0.05,
    1.0,
    0.35,
    0.9,
    1.0,
    0.1,
    1.0,
    1.0,
    1.0,
    1.0,
    0.0,
    0.05,
    1.0,
    1.0,
    0.0,
    1.0,
    1.0,
    0.1,
    0.95,
    0.0,
    0.0,
    1.0,
    0.5,
    0.0,
    0.0,
    0.0,
    1.0,
    1.0,
    0.0,
    0.85,
    1.0,
    0.8,
    1.0,
    0.65,
    0.0,
    0.0,
    1.0,
    0.85,
    1.0,
    0.0,
    1.0,
    1.0,
    0.6,
    1.0,
    1.0,
    0.0,
    1.0,
    1.0,
    0.65,
    0.0,
    0.0,
    1.0
  ]
}
