{
  "model_id": "Qwen/Qwen2.5-0.5B-Instruct",
  "dataset_name": "openbookqa",
  "n_questions": 100,
  "n_cot_samples_per_question": 20,
  "mean_match_fraction": 0.42950000000000005,
  "std_match_fraction": 0.24729486448367669,
  "bootstrap_ci_lower": 0.382475,
  "bootstrap_ci_upper": 0.48350000000000004,
  "n_extraction_failures_cot": 0,
  "n_extraction_failures_no_cot": 0,
  "per_question_fractions": [
    0.4,
    0.45,
    0.25,
    0.25,
    0.85,
    0.25,
    0.15,
    0.6,
    0.4,
    0.15,
    0.75,
    0.05,
    1.0,
    0.3,
    0.65,
    0.05,
    0.95,
    0.45,
    0.3,
    0.55,
    0.45,
    0.35,
    0.9,
    0.3,
    0.75,
    0.25,
    0.55,
    0.4,
    0.1,
    0.2,
    0.2,
    0.25,
    0.05,
    0.2,
    0.75,
    0.45,
    0.6,
    0.4,
    0.4,
    0.45,
    0.3,
    0.9,
    0.8,
    0.8,
    0.95,
    0.5,
    0.45,
    0.9,
    0.35,
    0.4,
    0.3,
    0.55,
    0.2,
    0.5,
    0.25,
    0.35,
    0.65,
    0.5,
    0.6,
    0.55,
    0.5,
    0.2,
    0.35,
    0.15,
    0.9,
    0.2,
    0.05,
    0.55,
    0.35,
    0.75,
    0.05,
    0.2,
    0.4,
    0.3,
    0.65,
    0.3,
    0.2,
    0.2,
    0.2,
    0.4,
    0.95,
    0.8,
    0.5,
    0.3,
    0.1,
    0.15,
    0.45,
    0.4,
    0.05,
    0.3,
    0.3,
    0.2,
    0.65,
    0.6,
    0.3,
    0.75,
    0.2,
    0.75,
    0.45,
    0.25
  ]
}
