{
  "model_id": "Qwen/Qwen2.5-32B-Instruct",
  "dataset_name": "logiqa",
  "n_questions": 100,
  "n_cot_samples_per_question": 20,
  "mean_match_fraction": 0.1865,
  "std_match_fraction": 0.339253224008262,
  "bootstrap_ci_lower": 0.12146250000000006,
  "bootstrap_ci_upper": 0.25252500000000005,
  "n_extraction_failures_cot": 1,
  "n_extraction_failures_no_cot": 0,
  "per_question_fractions": [
    0.0,
    0.75,
    1.0,
    0.0,
    0.0,
    0.4,
    0.0,
    0.05,
    0.0,
    0.0,
    0.1,
    0.0,
    0.0,
    0.0,
    0.0,
    0.0,
    0.0,
    0.0,
    0.0,
    0.0,
    0.0,
    0.0,
    0.05,
    0.0,
    0.6,
    0.95,
    0.0,
    0.0,
    0.0,
    0.0,
    0.0,
    0.0,
    0.0,
    0.1,
    0.0,
    0.75,
    0.0,
    0.0,
    0.0,
    0.0,
    0.8,
    0.5,
    0.0,
    0.0,
    0.05,
    0.0,
    1.0,
    0.0,
    0.0,
    1.0,
    0.0,
    0.2,
    0.0,
    0.0,
    1.0,
    0.95,
    0.0,
    0.0,
    0.0,
    0.0,
    0.0,
    0.0,
    0.0,
    1.0,
    0.0,
    0.0,
    0.35,
    0.0,
    0.0,
    0.0,
    0.05,
    1.0,
    0.0,
    0.0,
    1.0,
    0.05,
    0.0,
    0.4,
    0.0,
    0.95,
    0.0,
    0.0,
    0.4,
    0.35,
    0.0,
    0.4,
    0.0,
    0.0,
    0.0,
    1.0,
    0.0,
    0.05,
    0.0,
    0.05,
    0.0,
    0.0,
    0.0,
    0.55,
    0.8,
    0.0
  ]
}
