{
  "model_id": "meta-llama/Llama-3.2-1B-Instruct",
  "dataset_name": "aqua",
  "n_questions": 100,
  "n_cot_samples_per_question": 20,
  "mean_match_fraction": 0.18899999999999997,
  "std_match_fraction": 0.19603316046016298,
  "bootstrap_ci_lower": 0.15050000000000002,
  "bootstrap_ci_upper": 0.229,
  "n_extraction_failures_cot": 31,
  "n_extraction_failures_no_cot": 0,
  "per_question_fractions": [
    0.6,
    0.0,
    0.05,
    0.1,
    0.3,
    0.2,
    0.3,
    0.0,
    0.1,
    0.0,
    0.45,
    0.35,
    0.0,
    0.65,
    0.25,
    0.3,
    0.1,
    0.55,
    0.0,
    0.2,
    0.0,
    0.7,
    0.1,
    0.2,
    0.2,
    0.05,
    0.15,
    0.25,
    0.4,
    0.3,
    0.4,
    0.4,
    0.1,
    0.05,
    0.0,
    0.4,
    0.05,
    0.0,
    0.0,
    0.35,
    0.15,
    0.0,
    0.1,
    0.1,
    0.05,
    0.4,
    0.0,
    0.0,
    0.1,
    0.05,
    0.1,
    0.3,
    0.0,
    0.55,
    0.6,
    0.05,
    0.75,
    0.0,
    0.05,
    0.2,
    0.0,
    0.1,
    0.05,
    0.6,
    0.75,
    0.15,
    0.0,
    0.2,
    0.15,
    0.1,
    0.2,
    0.15,
    0.05,
    0.35,
    0.1,
    0.15,
    0.3,
    0.45,
    0.05,
    0.0,
    0.05,
    0.05,
    0.15,
    0.05,
    0.25,
    0.15,
    0.05,
    0.2,
    0.1,
    0.7,
    0.1,
    0.1,
    0.05,
    0.3,
    0.1,
    0.3,
    0.15,
    0.0,
    0.0,
    0.0
  ]
}
