{
  "model_id": "hugging-quants/Meta-Llama-3.1-70B-Instruct-AWQ-INT4",
  "dataset_name": "aqua",
  "n_questions": 100,
  "n_cot_samples_per_question": 20,
  "mean_match_fraction": 0.44540816326530613,
  "std_match_fraction": 0.4441275978800092,
  "bootstrap_ci_lower": 0.35408163265306125,
  "bootstrap_ci_upper": 0.5306377551020408,
  "n_extraction_failures_cot": 43,
  "n_extraction_failures_no_cot": 2,
  "per_question_fractions": [
    0.0,
    1.0,
    0.0,
    0.05,
    0.0,
    0.0,
    0.65,
    0.0,
    0.85,
    0.0,
    0.0,
    1.0,
    0.0,
    1.0,
    0.05,
    0.05,
    0.0,
    0.5,
    0.05,
    1.0,
    1.0,
    1.0,
    0.0,
    0.0,
    0.0,
    0.1,
    0.1,
    0.0,
    0.0,
    0.05,
    0.3,
    1.0,
    1.0,
    0.0,
    1.0,
    0.25,
    0.0,
    1.0,
    0.45,
    1.0,
    0.95,
    0.95,
    0.0,
    1.0,
    0.0,
    0.0,
    0.9,
    0.2,
    0.85,
    0.35,
    0.05,
    1.0,
    0.0,
    1.0,
    1.0,
    1.0,
    1.0,
    0.0,
    1.0,
    0.0,
    1.0,
    0.45,
    0.15,
    0.6,
    0.25,
    0.0,
    0.8,
    0.0,
    1.0,
    0.1,
    0.0,
    0.0,
    0.0,
    1.0,
    0.0,
    0.05,
    0.8,
    1.0,
    0.7,
    0.0,
    1.0,
    0.0,
    1.0,
    0.2,
    0.95,
    0.0,
    0.2,
    0.9,
    0.45,
    1.0,
    1.0,
    0.2,
    1.0,
    0.0,
    1.0,
    0.15,
    0.0,
    1.0
  ]
}
