{
  "model_id": "meta-llama/Llama-3.1-8B-Instruct",
  "dataset_name": "arc_challenge",
  "n_questions": 100,
  "n_cot_samples_per_question": 20,
  "mean_match_fraction": 0.777,
  "std_match_fraction": 0.3410586459833558,
  "bootstrap_ci_lower": 0.7049625,
  "bootstrap_ci_upper": 0.8415625,
  "n_extraction_failures_cot": 1,
  "n_extraction_failures_no_cot": 0,
  "per_question_fractions": [
    0.65,
    1.0,
    1.0,
    1.0,
    1.0,
    0.0,
    1.0,
    1.0,
    1.0,
    1.0,
    0.95,
    0.9,
    0.7,
    1.0,
    0.5,
    0.95,
    1.0,
    0.2,
    0.85,
    1.0,
    0.0,
    1.0,
    0.65,
    1.0,
    0.0,
    1.0,
    1.0,
    0.8,
    0.0,
    0.9,
    1.0,
    0.95,
    1.0,
    0.45,
    0.3,
    0.1,
    0.8,
    1.0,
    1.0,
    1.0,
    1.0,
    1.0,
    1.0,
    1.0,
    1.0,
    1.0,
    0.85,
    1.0,
    0.1,
    0.0,
    1.0,
    1.0,
    1.0,
    1.0,
    0.45,
    1.0,
    0.35,
    1.0,
    1.0,
    1.0,
    1.0,
    0.15,
    1.0,
    1.0,
    1.0,
    1.0,
    1.0,
    0.1,
    1.0,
    1.0,
    0.05,
    1.0,
    1.0,
    0.8,
    1.0,
    1.0,
    1.0,
    0.85,
    1.0,
    0.2,
    0.15,
    0.95,
    1.0,
    0.1,
    1.0,
    0.3,
    1.0,
    0.9,
    1.0,
    1.0,
    0.95,
    0.6,
    0.3,
    0.55,
    0.8,
    0.9,
    0.55,
    0.1,
    1.0,
    1.0
  ]
}
