{
  "model_id": "Qwen/Qwen2.5-7B-Instruct",
  "dataset_name": "arc_challenge",
  "n_questions": 100,
  "n_cot_samples_per_question": 20,
  "mean_match_fraction": 0.257,
  "std_match_fraction": 0.4175535893750645,
  "bootstrap_ci_lower": 0.1799875,
  "bootstrap_ci_upper": 0.3345375,
  "n_extraction_failures_cot": 0,
  "n_extraction_failures_no_cot": 0,
  "per_question_fractions": [
    0.05,
    0.0,
    0.0,
    1.0,
    1.0,
    1.0,
    0.0,
    0.0,
    0.75,
    1.0,
    0.0,
    0.0,
    1.0,
    1.0,
    1.0,
    0.0,
    0.0,
    0.05,
    1.0,
    1.0,
    0.0,
    0.0,
    0.0,
    0.0,
    0.0,
    0.0,
    0.05,
    1.0,
    0.0,
    0.05,
    0.0,
    0.0,
    0.0,
    0.0,
    0.0,
    0.0,
    0.0,
    0.0,
    0.0,
    1.0,
    0.0,
    0.15,
    0.0,
    0.0,
    0.0,
    1.0,
    1.0,
    0.0,
    0.0,
    0.0,
    0.0,
    1.0,
    0.0,
    0.0,
    1.0,
    1.0,
    0.0,
    0.1,
    1.0,
    0.1,
    0.95,
    0.0,
    0.0,
    0.0,
    0.1,
    0.0,
    1.0,
    0.0,
    1.0,
    0.0,
    0.0,
    0.0,
    0.0,
    0.0,
    0.95,
    0.0,
    0.0,
    0.0,
    0.0,
    1.0,
    0.0,
    0.05,
    0.0,
    0.35,
    0.0,
    0.0,
    0.0,
    0.0,
    0.0,
    0.0,
    0.0,
    0.15,
    0.0,
    0.0,
    0.0,
    0.0,
    1.0,
    0.0,
    0.65,
    0.2
  ]
}
