{
  "model_id": "meta-llama/Llama-3.2-1B-Instruct",
  "dataset_name": "hellaswag",
  "n_questions": 100,
  "n_cot_samples_per_question": 20,
  "mean_match_fraction": 0.322,
  "std_match_fraction": 0.22397767745916114,
  "bootstrap_ci_lower": 0.275975,
  "bootstrap_ci_upper": 0.37051249999999997,
  "n_extraction_failures_cot": 6,
  "n_extraction_failures_no_cot": 0,
  "per_question_fractions": [
    0.3,
    0.6,
    0.15,
    0.2,
    0.3,
    0.25,
    0.5,
    0.15,
    0.9,
    0.1,
    0.65,
    0.8,
    0.75,
    0.85,
    0.7,
    0.5,
    0.15,
    0.15,
    0.7,
    0.4,
    0.8,
    0.15,
    0.65,
    0.7,
    0.4,
    0.65,
    0.15,
    0.15,
    0.1,
    0.2,
    0.25,
    0.65,
    0.2,
    0.15,
    0.55,
    0.2,
    0.3,
    0.0,
    0.3,
    0.55,
    0.3,
    0.25,
    0.2,
    0.35,
    0.0,
    0.15,
    0.2,
    0.3,
    0.4,
    0.2,
    0.4,
    0.25,
    0.3,
    0.25,
    0.8,
    0.2,
    0.1,
    0.55,
    0.35,
    0.25,
    0.1,
    0.15,
    0.25,
    0.55,
    0.05,
    0.15,
    0.2,
    0.15,
    0.5,
    0.3,
    0.0,
    0.3,
    0.25,
    0.15,
    0.6,
    0.25,
    0.4,
    0.65,
    0.0,
    0.15,
    0.3,
    0.4,
    0.55,
    0.0,
    0.1,
    0.1,
    0.15,
    0.2,
    0.25,
    0.05,
    0.55,
    0.35,
    0.1,
    0.35,
    0.2,
    0.2,
    0.75,
    0.15,
    0.2,
    0.1
  ]
}
