{
  "baseline_coef_log_params": 0.2201447220439206,
  "controlled_coef_log_params": 0.04764814159407006,
  "pct_drop": 78.35599184405436,
  "decision": "confound_explained",
  "regressions": [
    {
      "model_name": "baseline",
      "formula": "faithfulness_proxy ~ log_params",
      "n_obs": 55,
      "n_clusters": 5,
      "r_squared": 0.45122873058666124,
      "adj_r_squared": 0.4408745556920699,
      "coefficients": {
        "const": -1.508662313891841,
        "log_params": 0.2201447220439206
      },
      "std_errors": {
        "const": 0.12950267829899126,
        "log_params": 0.015919641637179155
      },
      "p_values": {
        "const": 2.303731483924857e-31,
        "log_params": 1.715670721921054e-43
      },
      "conf_intervals": {
        "const": [
          -1.7624828992593407,
          -1.2548417285243412
        ],
        "log_params": [
          0.1889427977882652,
          0.25134664629957604
        ]
      }
    },
    {
      "model_name": "accuracy_control",
      "formula": "faithfulness_proxy ~ log_params + accuracy_no_cot",
      "n_obs": 55,
      "n_clusters": 5,
      "r_squared": 0.9563960563981423,
      "adj_r_squared": 0.9547189816442246,
      "coefficients": {
        "const": -0.3491620795928414,
        "log_params": 0.04764814159407006,
        "accuracy_no_cot": 0.8594635600970654
      },
      "std_errors": {
        "const": 0.20841592943210274,
        "log_params": 0.027503436131043262,
        "accuracy_no_cot": 0.0872563776452691
      },
      "p_values": {
        "const": 0.09387268218108466,
        "log_params": 0.08319467746930685,
        "accuracy_no_cot": 6.86359487143472e-23
      },
      "conf_intervals": {
        "const": [
          -0.7576497950842043,
          0.05932563589852141
        ],
        "log_params": [
          -0.0062576026738723756,
          0.1015538858620125
        ],
        "accuracy_no_cot": [
          0.6884442024909121,
          1.0304829177032186
        ]
      }
    },
    {
      "model_name": "full",
      "formula": "faithfulness_proxy ~ log_params + accuracy_no_cot + family_is_llama",
      "n_obs": 55,
      "n_clusters": 5,
      "r_squared": 0.9564659232982534,
      "adj_r_squared": 0.9539050952569742,
      "coefficients": {
        "const": -0.34639889349780795,
        "log_params": 0.047004310705300326,
        "accuracy_no_cot": 0.8627590931618914,
        "family_is_llama": 0.004153066758491586
      },
      "std_errors": {
        "const": 0.21865219035449615,
        "log_params": 0.029611536718279596,
        "accuracy_no_cot": 0.0959057485146968,
        "family_is_llama": 0.013258176857739773
      },
      "p_values": {
        "const": 0.11313771204107907,
        "log_params": 0.11243004946733498,
        "accuracy_no_cot": 2.3429184435570276e-19,
        "family_is_llama": 0.7540940081875575
      },
      "conf_intervals": {
        "const": [
          -0.7749493117334165,
          0.08215152473780069
        ],
        "log_params": [
          -0.011033234789413066,
          0.10504185620001372
        ],
        "accuracy_no_cot": [
          0.6747872801627298,
          1.0507309061610528
        ],
        "family_is_llama": [
          -0.021832482383340793,
          0.030138615900323965
        ]
      }
    }
  ],
  "per_task_decisions": {
    "aqua": "confound_explained",
    "arc_challenge": "confound_explained",
    "hellaswag": "confound_explained",
    "logiqa": "confound_explained",
    "openbookqa": "confound_explained"
  }
}
