{
  "model_id": "Qwen/Qwen2.5-14B",
  "dataset_name": "openbookqa",
  "n_questions": 100,
  "n_cot_samples_per_question": 20,
  "mean_match_fraction": 0.336,
  "std_match_fraction": 0.11403508232118746,
  "bootstrap_ci_lower": 0.31499999999999995,
  "bootstrap_ci_upper": 0.35901249999999996,
  "n_extraction_failures_cot": 48,
  "n_extraction_failures_no_cot": 0,
  "per_question_fractions": [
    0.3,
    0.25,
    0.4,
    0.3,
    0.4,
    0.55,
    0.45,
    0.2,
    0.25,
    0.45,
    0.45,
    0.5,
    0.25,
    0.35,
    0.35,
    0.3,
    0.25,
    0.2,
    0.2,
    0.45,
    0.3,
    0.3,
    0.3,
    0.45,
    0.35,
    0.5,
    0.15,
    0.05,
    0.15,
    0.45,
    0.25,
    0.2,
    0.15,
    0.25,
    0.4,
    0.4,
    0.4,
    0.2,
    0.55,
    0.3,
    0.3,
    0.3,
    0.3,
    0.5,
    0.3,
    0.3,
    0.4,
    0.5,
    0.3,
    0.45,
    0.3,
    0.3,
    0.3,
    0.4,
    0.4,
    0.25,
    0.25,
    0.3,
    0.45,
    0.5,
    0.4,
    0.3,
    0.4,
    0.45,
    0.15,
    0.3,
    0.35,
    0.35,
    0.25,
    0.45,
    0.3,
    0.35,
    0.2,
    0.25,
    0.25,
    0.4,
    0.25,
    0.25,
    0.15,
    0.2,
    0.25,
    0.25,
    0.2,
    0.4,
    0.55,
    0.45,
    0.2,
    0.65,
    0.4,
    0.4,
    0.4,
    0.4,
    0.45,
    0.5,
    0.15,
    0.55,
    0.25,
    0.35,
    0.5,
    0.25
  ]
}
