{
  "model_id": "hugging-quants/Meta-Llama-3.1-70B-Instruct-AWQ-INT4",
  "dataset_name": "hellaswag",
  "n_questions": 100,
  "n_cot_samples_per_question": 20,
  "mean_match_fraction": 0.18899999999999997,
  "std_match_fraction": 0.3623934326115748,
  "bootstrap_ci_lower": 0.11847500000000001,
  "bootstrap_ci_upper": 0.2615,
  "n_extraction_failures_cot": 0,
  "n_extraction_failures_no_cot": 0,
  "per_question_fractions": [
    0.0,
    0.0,
    0.2,
    0.0,
    0.0,
    0.0,
    0.0,
    0.0,
    0.0,
    0.0,
    0.0,
    0.3,
    0.1,
    0.0,
    0.0,
    0.0,
    0.0,
    0.0,
    0.65,
    0.0,
    0.0,
    0.0,
    0.05,
    0.0,
    0.0,
    0.0,
    0.0,
    0.0,
    1.0,
    0.0,
    0.0,
    0.0,
    0.55,
    0.0,
    1.0,
    0.0,
    0.0,
    0.2,
    0.0,
    1.0,
    0.0,
    0.1,
    0.0,
    0.0,
    0.0,
    0.0,
    0.0,
    0.0,
    0.0,
    1.0,
    1.0,
    1.0,
    1.0,
    1.0,
    0.0,
    0.0,
    0.0,
    0.0,
    0.0,
    0.0,
    0.0,
    0.0,
    0.0,
    0.0,
    0.85,
    0.0,
    0.0,
    0.0,
    0.0,
    0.0,
    0.1,
    1.0,
    0.0,
    0.0,
    0.0,
    0.1,
    0.0,
    0.9,
    0.0,
    0.0,
    0.0,
    0.0,
    0.0,
    0.0,
    0.0,
    0.8,
    0.0,
    0.0,
    0.25,
    0.0,
    0.0,
    0.85,
    1.0,
    0.0,
    0.0,
    0.9,
    0.0,
    0.0,
    1.0,
    1.0
  ]
}
