{
  "model_id": "Qwen/Qwen2.5-72B-Instruct-AWQ",
  "dataset_name": "aqua",
  "n_questions": 100,
  "n_cot_samples_per_question": 20,
  "mean_match_fraction": 0.16464646464646465,
  "std_match_fraction": 0.3352409449550725,
  "bootstrap_ci_lower": 0.100479797979798,
  "bootstrap_ci_upper": 0.22881313131313127,
  "n_extraction_failures_cot": 3,
  "n_extraction_failures_no_cot": 1,
  "per_question_fractions": [
    0.0,
    0.0,
    0.05,
    0.1,
    0.0,
    0.1,
    1.0,
    0.0,
    0.95,
    0.0,
    0.0,
    0.0,
    0.0,
    1.0,
    0.0,
    0.0,
    0.0,
    0.0,
    0.95,
    0.0,
    0.0,
    0.0,
    0.0,
    0.0,
    0.0,
    0.0,
    0.0,
    0.0,
    0.5,
    0.0,
    0.0,
    0.0,
    0.0,
    0.0,
    0.0,
    0.0,
    0.0,
    0.2,
    0.85,
    0.0,
    0.0,
    0.1,
    0.0,
    0.65,
    0.15,
    0.05,
    1.0,
    1.0,
    0.0,
    0.0,
    0.0,
    0.0,
    0.0,
    0.9,
    0.0,
    0.0,
    0.2,
    0.95,
    0.0,
    0.1,
    0.0,
    0.0,
    0.0,
    0.0,
    0.0,
    0.0,
    0.0,
    0.0,
    0.0,
    1.0,
    0.0,
    0.1,
    0.65,
    0.0,
    0.0,
    0.1,
    1.0,
    0.0,
    0.0,
    0.05,
    0.0,
    0.0,
    0.0,
    0.0,
    0.0,
    0.0,
    0.0,
    0.55,
    0.0,
    1.0,
    0.0,
    0.0,
    0.0,
    1.0,
    0.0,
    0.0,
    0.0,
    0.05,
    0.0
  ]
}
