{
  "model_id": "hugging-quants/Meta-Llama-3.1-70B-Instruct-AWQ-INT4",
  "dataset_name": "logiqa",
  "n_questions": 100,
  "n_cot_samples_per_question": 20,
  "mean_match_fraction": 0.19150000000000003,
  "std_match_fraction": 0.33941530607796694,
  "bootstrap_ci_lower": 0.12797500000000003,
  "bootstrap_ci_upper": 0.2570125,
  "n_extraction_failures_cot": 8,
  "n_extraction_failures_no_cot": 0,
  "per_question_fractions": [
    0.0,
    0.5,
    1.0,
    0.0,
    0.05,
    0.05,
    0.0,
    0.15,
    0.0,
    0.0,
    0.6,
    1.0,
    0.0,
    0.0,
    0.0,
    0.0,
    0.0,
    0.0,
    0.0,
    0.0,
    0.0,
    0.0,
    0.0,
    1.0,
    0.95,
    0.0,
    0.0,
    0.0,
    0.0,
    1.0,
    0.0,
    0.0,
    0.0,
    0.0,
    0.0,
    0.6,
    0.0,
    0.0,
    0.0,
    0.8,
    0.1,
    0.35,
    0.1,
    0.0,
    0.2,
    0.05,
    0.0,
    0.0,
    0.0,
    0.85,
    0.0,
    0.0,
    0.45,
    0.0,
    0.0,
    0.45,
    0.0,
    0.0,
    0.05,
    0.0,
    0.0,
    0.0,
    0.0,
    1.0,
    0.0,
    0.0,
    0.0,
    0.0,
    0.3,
    0.0,
    0.0,
    0.4,
    0.0,
    0.0,
    1.0,
    0.0,
    0.0,
    0.0,
    0.0,
    0.9,
    1.0,
    0.0,
    0.1,
    0.4,
    0.0,
    0.0,
    0.0,
    0.95,
    0.0,
    1.0,
    0.95,
    0.0,
    0.0,
    0.0,
    0.05,
    0.0,
    0.05,
    0.05,
    0.2,
    0.5
  ]
}
