{
  "model_id": "Qwen/Qwen2.5-1.5B-Instruct",
  "dataset_name": "logiqa",
  "n_questions": 100,
  "n_cot_samples_per_question": 20,
  "mean_match_fraction": 0.3235,
  "std_match_fraction": 0.2588875238399873,
  "bootstrap_ci_lower": 0.27298750000000005,
  "bootstrap_ci_upper": 0.37699999999999995,
  "n_extraction_failures_cot": 2,
  "n_extraction_failures_no_cot": 0,
  "per_question_fractions": [
    0.3,
    0.2,
    0.0,
    0.0,
    0.25,
    0.3,
    0.0,
    0.25,
    0.75,
    0.8,
    0.45,
    0.8,
    0.3,
    0.4,
    0.2,
    0.65,
    0.0,
    0.2,
    0.7,
    0.0,
    0.65,
    0.0,
    0.35,
    0.05,
    0.1,
    0.05,
    0.25,
    0.3,
    0.5,
    0.5,
    0.0,
    0.95,
    0.3,
    0.35,
    0.9,
    0.15,
    0.0,
    0.9,
    0.15,
    0.75,
    0.35,
    0.35,
    0.25,
    1.0,
    0.2,
    0.35,
    0.1,
    0.25,
    0.35,
    0.2,
    0.65,
    0.1,
    0.2,
    0.15,
    0.9,
    0.4,
    0.25,
    0.5,
    0.2,
    0.1,
    0.6,
    0.8,
    0.05,
    0.3,
    0.5,
    0.05,
    0.25,
    0.0,
    0.65,
    0.45,
    0.25,
    0.1,
    0.75,
    0.3,
    0.3,
    0.05,
    0.05,
    0.2,
    0.35,
    0.0,
    0.55,
    0.1,
    0.15,
    0.35,
    0.85,
    0.35,
    0.25,
    0.2,
    0.2,
    0.4,
    0.0,
    0.15,
    0.3,
    0.4,
    0.35,
    0.05,
    0.1,
    0.1,
    0.4,
    0.5
  ]
}
