{
  "model_id": "Qwen/Qwen2.5-3B-Instruct",
  "dataset_name": "aqua",
  "n_questions": 100,
  "n_cot_samples_per_question": 20,
  "mean_match_fraction": 0.205,
  "std_match_fraction": 0.32836717253708536,
  "bootstrap_ci_lower": 0.1444875,
  "bootstrap_ci_upper": 0.27001249999999993,
  "n_extraction_failures_cot": 0,
  "n_extraction_failures_no_cot": 0,
  "per_question_fractions": [
    0.0,
    0.0,
    0.25,
    0.05,
    0.15,
    0.35,
    1.0,
    0.0,
    0.95,
    0.0,
    0.0,
    0.15,
    0.0,
    0.95,
    0.1,
    0.0,
    0.0,
    1.0,
    0.0,
    0.0,
    0.0,
    0.0,
    0.0,
    0.15,
    0.6,
    0.0,
    0.05,
    0.0,
    0.05,
    0.0,
    0.15,
    1.0,
    0.0,
    0.05,
    0.0,
    0.15,
    0.05,
    0.0,
    0.0,
    0.05,
    0.1,
    0.9,
    0.55,
    0.05,
    0.0,
    0.0,
    0.0,
    0.0,
    0.0,
    0.0,
    0.0,
    0.0,
    0.0,
    0.9,
    0.15,
    0.1,
    0.8,
    0.0,
    0.45,
    0.0,
    0.0,
    0.05,
    0.0,
    0.05,
    0.0,
    0.25,
    0.0,
    0.3,
    0.0,
    0.0,
    0.95,
    0.05,
    0.0,
    0.35,
    0.1,
    0.05,
    0.15,
    0.0,
    0.05,
    0.0,
    0.0,
    0.7,
    0.35,
    0.0,
    0.05,
    0.05,
    0.0,
    0.9,
    0.2,
    0.0,
    1.0,
    0.9,
    0.15,
    0.35,
    1.0,
    0.0,
    0.05,
    1.0,
    0.2,
    0.0
  ]
}
