{
  "model_id": "meta-llama/Llama-3.2-1B-Instruct",
  "dataset_name": "openbookqa",
  "n_questions": 100,
  "n_cot_samples_per_question": 20,
  "mean_match_fraction": 0.5770000000000001,
  "std_match_fraction": 0.3021936465248731,
  "bootstrap_ci_lower": 0.518475,
  "bootstrap_ci_upper": 0.6395,
  "n_extraction_failures_cot": 0,
  "n_extraction_failures_no_cot": 0,
  "per_question_fractions": [
    0.15,
    0.05,
    0.85,
    0.25,
    0.9,
    0.4,
    0.45,
    0.65,
    0.05,
    0.45,
    0.8,
    1.0,
    0.95,
    0.75,
    1.0,
    0.7,
    0.95,
    0.85,
    0.55,
    0.8,
    0.3,
    0.7,
    0.9,
    0.05,
    0.8,
    0.5,
    0.75,
    0.1,
    0.25,
    0.75,
    0.2,
    0.6,
    0.85,
    0.05,
    0.1,
    0.35,
    0.9,
    0.8,
    0.5,
    0.7,
    0.55,
    0.95,
    1.0,
    1.0,
    1.0,
    0.55,
    0.2,
    0.9,
    0.6,
    0.85,
    0.05,
    0.05,
    0.4,
    0.75,
    0.85,
    0.7,
    0.0,
    0.35,
    0.85,
    0.7,
    0.45,
    0.95,
    1.0,
    0.3,
    0.95,
    0.5,
    0.35,
    0.4,
    0.55,
    0.4,
    0.7,
    0.8,
    0.75,
    0.4,
    0.55,
    0.25,
    0.15,
    0.15,
    1.0,
    0.7,
    0.9,
    0.2,
    0.4,
    1.0,
    0.45,
    0.5,
    0.35,
    0.0,
    0.65,
    0.35,
    0.55,
    0.05,
    0.5,
    0.75,
    0.65,
    0.9,
    1.0,
    0.95,
    0.65,
    0.6
  ]
}
