{
  "model_id": "Qwen/Qwen2.5-1.5B",
  "dataset_name": "openbookqa",
  "n_questions": 100,
  "n_cot_samples_per_question": 20,
  "mean_match_fraction": 0.264,
  "std_match_fraction": 0.11749042514179613,
  "bootstrap_ci_lower": 0.24250000000000005,
  "bootstrap_ci_upper": 0.2874999999999999,
  "n_extraction_failures_cot": 69,
  "n_extraction_failures_no_cot": 0,
  "per_question_fractions": [
    0.05,
    0.3,
    0.2,
    0.25,
    0.3,
    0.3,
    0.25,
    0.2,
    0.55,
    0.5,
    0.55,
    0.45,
    0.25,
    0.2,
    0.2,
    0.15,
    0.1,
    0.45,
    0.4,
    0.2,
    0.45,
    0.1,
    0.3,
    0.3,
    0.25,
    0.2,
    0.25,
    0.3,
    0.25,
    0.25,
    0.2,
    0.35,
    0.25,
    0.15,
    0.15,
    0.25,
    0.15,
    0.1,
    0.3,
    0.2,
    0.4,
    0.2,
    0.65,
    0.15,
    0.3,
    0.2,
    0.1,
    0.2,
    0.35,
    0.2,
    0.5,
    0.35,
    0.35,
    0.05,
    0.4,
    0.15,
    0.2,
    0.25,
    0.45,
    0.2,
    0.25,
    0.3,
    0.3,
    0.05,
    0.2,
    0.35,
    0.15,
    0.3,
    0.25,
    0.4,
    0.4,
    0.25,
    0.15,
    0.15,
    0.25,
    0.4,
    0.2,
    0.15,
    0.15,
    0.15,
    0.1,
    0.25,
    0.25,
    0.35,
    0.15,
    0.25,
    0.2,
    0.3,
    0.45,
    0.45,
    0.35,
    0.2,
    0.2,
    0.2,
    0.2,
    0.35,
    0.3,
    0.4,
    0.15,
    0.25
  ]
}
