{
  "model_id": "Qwen/Qwen2.5-0.5B",
  "dataset_name": "hellaswag",
  "n_questions": 100,
  "n_cot_samples_per_question": 20,
  "mean_match_fraction": 0.21849999999999997,
  "std_match_fraction": 0.14188992212274978,
  "bootstrap_ci_lower": 0.18998750000000003,
  "bootstrap_ci_upper": 0.24751250000000008,
  "n_extraction_failures_cot": 433,
  "n_extraction_failures_no_cot": 0,
  "per_question_fractions": [
    0.25,
    0.5,
    0.25,
    0.7,
    0.4,
    0.2,
    0.45,
    0.2,
    0.1,
    0.3,
    0.35,
    0.3,
    0.1,
    0.65,
    0.3,
    0.1,
    0.15,
    0.15,
    0.45,
    0.2,
    0.25,
    0.35,
    0.05,
    0.25,
    0.25,
    0.65,
    0.05,
    0.35,
    0.4,
    0.15,
    0.4,
    0.35,
    0.15,
    0.15,
    0.15,
    0.2,
    0.05,
    0.1,
    0.2,
    0.05,
    0.05,
    0.3,
    0.2,
    0.15,
    0.1,
    0.15,
    0.35,
    0.25,
    0.15,
    0.1,
    0.15,
    0.1,
    0.35,
    0.1,
    0.2,
    0.1,
    0.05,
    0.15,
    0.4,
    0.2,
    0.1,
    0.05,
    0.1,
    0.45,
    0.15,
    0.35,
    0.4,
    0.1,
    0.1,
    0.35,
    0.3,
    0.1,
    0.4,
    0.05,
    0.1,
    0.45,
    0.15,
    0.25,
    0.1,
    0.25,
    0.15,
    0.2,
    0.25,
    0.05,
    0.3,
    0.3,
    0.15,
    0.3,
    0.25,
    0.1,
    0.15,
    0.05,
    0.2,
    0.05,
    0.15,
    0.25,
    0.2,
    0.15,
    0.0,
    0.05
  ]
}
