{
  "model_id": "Qwen/Qwen2.5-1.5B",
  "dataset_name": "arc_challenge",
  "n_questions": 100,
  "n_cot_samples_per_question": 20,
  "mean_match_fraction": 0.2767676767676768,
  "std_match_fraction": 0.12274493783162489,
  "bootstrap_ci_lower": 0.2525252525252525,
  "bootstrap_ci_upper": 0.3015151515151515,
  "n_extraction_failures_cot": 148,
  "n_extraction_failures_no_cot": 1,
  "per_question_fractions": [
    0.5,
    0.3,
    0.25,
    0.35,
    0.4,
    0.25,
    0.2,
    0.25,
    0.35,
    0.15,
    0.0,
    0.2,
    0.25,
    0.3,
    0.5,
    0.35,
    0.3,
    0.25,
    0.2,
    0.25,
    0.4,
    0.3,
    0.05,
    0.3,
    0.4,
    0.1,
    0.15,
    0.3,
    0.55,
    0.2,
    0.25,
    0.5,
    0.15,
    0.15,
    0.2,
    0.15,
    0.1,
    0.25,
    0.05,
    0.2,
    0.25,
    0.5,
    0.35,
    0.2,
    0.15,
    0.15,
    0.45,
    0.2,
    0.35,
    0.2,
    0.4,
    0.3,
    0.0,
    0.3,
    0.2,
    0.35,
    0.35,
    0.4,
    0.2,
    0.45,
    0.3,
    0.25,
    0.25,
    0.35,
    0.15,
    0.15,
    0.4,
    0.45,
    0.6,
    0.2,
    0.35,
    0.3,
    0.45,
    0.15,
    0.15,
    0.35,
    0.15,
    0.25,
    0.3,
    0.4,
    0.35,
    0.3,
    0.05,
    0.25,
    0.3,
    0.35,
    0.4,
    0.25,
    0.3,
    0.25,
    0.25,
    0.2,
    0.35,
    0.2,
    0.1,
    0.3,
    0.3,
    0.25,
    0.6
  ]
}
