{
  "model_id": "Qwen/Qwen2.5-7B",
  "dataset_name": "openbookqa",
  "n_questions": 100,
  "n_cot_samples_per_question": 20,
  "mean_match_fraction": 0.37549999999999994,
  "std_match_fraction": 0.13238107870840155,
  "bootstrap_ci_lower": 0.35,
  "bootstrap_ci_upper": 0.3985625,
  "n_extraction_failures_cot": 98,
  "n_extraction_failures_no_cot": 0,
  "per_question_fractions": [
    0.65,
    0.3,
    0.35,
    0.55,
    0.5,
    0.2,
    0.5,
    0.35,
    0.35,
    0.2,
    0.4,
    0.5,
    0.35,
    0.4,
    0.35,
    0.6,
    0.4,
    0.25,
    0.65,
    0.5,
    0.55,
    0.55,
    0.35,
    0.55,
    0.3,
    0.3,
    0.1,
    0.35,
    0.45,
    0.25,
    0.2,
    0.2,
    0.3,
    0.15,
    0.4,
    0.35,
    0.55,
    0.3,
    0.45,
    0.5,
    0.3,
    0.5,
    0.35,
    0.35,
    0.2,
    0.35,
    0.15,
    0.35,
    0.45,
    0.4,
    0.35,
    0.25,
    0.55,
    0.45,
    0.3,
    0.55,
    0.25,
    0.6,
    0.4,
    0.45,
    0.45,
    0.4,
    0.35,
    0.35,
    0.35,
    0.3,
    0.35,
    0.15,
    0.4,
    0.15,
    0.4,
    0.45,
    0.45,
    0.3,
    0.3,
    0.3,
    0.4,
    0.6,
    0.55,
    0.1,
    0.5,
    0.4,
    0.1,
    0.2,
    0.3,
    0.25,
    0.25,
    0.55,
    0.3,
    0.35,
    0.7,
    0.25,
    0.3,
    0.2,
    0.55,
    0.4,
    0.5,
    0.4,
    0.5,
    0.4
  ]
}
