{
  "model_id": "meta-llama/Llama-3.1-8B-Instruct",
  "dataset_name": "openbookqa",
  "n_questions": 100,
  "n_cot_samples_per_question": 20,
  "mean_match_fraction": 0.8234999999999999,
  "std_match_fraction": 0.3118056285572792,
  "bootstrap_ci_lower": 0.7625,
  "bootstrap_ci_upper": 0.8825,
  "n_extraction_failures_cot": 0,
  "n_extraction_failures_no_cot": 0,
  "per_question_fractions": [
    0.3,
    1.0,
    1.0,
    1.0,
    1.0,
    1.0,
    1.0,
    0.7,
    0.95,
    0.9,
    1.0,
    0.1,
    0.95,
    0.55,
    1.0,
    1.0,
    1.0,
    0.6,
    0.1,
    1.0,
    1.0,
    0.0,
    1.0,
    1.0,
    1.0,
    0.75,
    0.1,
    0.05,
    0.8,
    1.0,
    0.4,
    1.0,
    0.95,
    0.3,
    1.0,
    1.0,
    1.0,
    1.0,
    0.9,
    1.0,
    1.0,
    1.0,
    1.0,
    1.0,
    1.0,
    1.0,
    0.45,
    1.0,
    0.15,
    1.0,
    1.0,
    0.05,
    1.0,
    1.0,
    1.0,
    0.7,
    1.0,
    1.0,
    1.0,
    1.0,
    0.45,
    1.0,
    1.0,
    0.85,
    1.0,
    0.95,
    0.05,
    0.95,
    1.0,
    0.6,
    1.0,
    1.0,
    1.0,
    0.25,
    1.0,
    0.9,
    0.85,
    1.0,
    1.0,
    0.2,
    1.0,
    1.0,
    0.0,
    0.95,
    1.0,
    0.55,
    1.0,
    1.0,
    0.15,
    1.0,
    1.0,
    1.0,
    1.0,
    0.9,
    1.0,
    1.0,
    1.0,
    1.0,
    1.0,
    1.0
  ]
}
