{
  "model_id": "Qwen/Qwen2.5-7B-Instruct",
  "dataset_name": "arc_challenge",
  "n_questions": 100,
  "n_cot_samples_per_question": 20,
  "mean_match_fraction": 0.8460000000000001,
  "std_match_fraction": 0.31509363687640535,
  "bootstrap_ci_lower": 0.7759875000000002,
  "bootstrap_ci_upper": 0.9040125,
  "n_extraction_failures_cot": 0,
  "n_extraction_failures_no_cot": 0,
  "per_question_fractions": [
    1.0,
    1.0,
    0.15,
    1.0,
    1.0,
    0.0,
    1.0,
    1.0,
    1.0,
    1.0,
    1.0,
    1.0,
    0.9,
    1.0,
    1.0,
    1.0,
    1.0,
    0.0,
    1.0,
    1.0,
    0.05,
    1.0,
    0.95,
    1.0,
    1.0,
    1.0,
    1.0,
    1.0,
    1.0,
    1.0,
    1.0,
    1.0,
    0.75,
    0.85,
    0.85,
    0.05,
    0.0,
    1.0,
    1.0,
    1.0,
    1.0,
    0.0,
    1.0,
    0.6,
    1.0,
    1.0,
    1.0,
    1.0,
    1.0,
    0.0,
    1.0,
    1.0,
    1.0,
    1.0,
    0.7,
    1.0,
    0.2,
    1.0,
    1.0,
    1.0,
    1.0,
    0.85,
    1.0,
    1.0,
    1.0,
    1.0,
    0.65,
    1.0,
    1.0,
    1.0,
    0.95,
    1.0,
    1.0,
    0.9,
    1.0,
    1.0,
    1.0,
    1.0,
    1.0,
    0.0,
    0.35,
    0.85,
    1.0,
    0.0,
    1.0,
    0.95,
    1.0,
    0.95,
    0.95,
    1.0,
    0.65,
    0.95,
    1.0,
    0.45,
    1.0,
    1.0,
    0.15,
    0.95,
    1.0,
    1.0
  ]
}
