{
  "model_id": "meta-llama/Llama-3.1-8B-Instruct",
  "dataset_name": "hellaswag",
  "n_questions": 100,
  "n_cot_samples_per_question": 20,
  "mean_match_fraction": 0.7169999999999999,
  "std_match_fraction": 0.2998516299772273,
  "bootstrap_ci_lower": 0.6534625000000001,
  "bootstrap_ci_upper": 0.7770125,
  "n_extraction_failures_cot": 3,
  "n_extraction_failures_no_cot": 0,
  "per_question_fractions": [
    0.4,
    0.6,
    0.65,
    1.0,
    0.85,
    0.55,
    0.7,
    1.0,
    0.9,
    1.0,
    0.55,
    0.9,
    0.65,
    1.0,
    0.65,
    0.75,
    0.8,
    0.6,
    0.4,
    0.7,
    0.25,
    0.5,
    1.0,
    1.0,
    1.0,
    1.0,
    1.0,
    0.25,
    0.9,
    0.35,
    0.2,
    0.35,
    0.95,
    0.35,
    0.95,
    0.65,
    0.25,
    0.8,
    0.65,
    1.0,
    0.5,
    1.0,
    0.85,
    1.0,
    0.5,
    1.0,
    1.0,
    0.4,
    0.2,
    0.1,
    1.0,
    0.9,
    0.4,
    0.6,
    1.0,
    1.0,
    0.9,
    1.0,
    1.0,
    0.55,
    0.85,
    1.0,
    0.75,
    1.0,
    1.0,
    0.8,
    1.0,
    0.9,
    0.45,
    0.3,
    1.0,
    0.95,
    1.0,
    0.05,
    0.7,
    1.0,
    1.0,
    1.0,
    0.65,
    1.0,
    0.9,
    0.25,
    0.65,
    0.35,
    0.25,
    0.85,
    0.65,
    0.0,
    1.0,
    1.0,
    1.0,
    0.15,
    1.0,
    0.45,
    0.9,
    0.1,
    0.95,
    0.05,
    1.0,
    0.85
  ]
}
