{
  "model_id": "Qwen/Qwen2.5-32B",
  "dataset_name": "hellaswag",
  "n_questions": 100,
  "n_cot_samples_per_question": 20,
  "mean_match_fraction": 0.4284999999999999,
  "std_match_fraction": 0.143397175704405,
  "bootstrap_ci_lower": 0.40048749999999994,
  "bootstrap_ci_upper": 0.45751250000000004,
  "n_extraction_failures_cot": 326,
  "n_extraction_failures_no_cot": 0,
  "per_question_fractions": [
    0.25,
    0.45,
    0.4,
    0.45,
    0.5,
    0.55,
    0.25,
    0.6,
    0.65,
    0.45,
    0.65,
    0.3,
    0.55,
    0.55,
    0.45,
    0.35,
    0.15,
    0.4,
    0.25,
    0.35,
    0.25,
    0.65,
    0.75,
    0.8,
    0.75,
    0.65,
    0.55,
    0.35,
    0.3,
    0.35,
    0.4,
    0.5,
    0.25,
    0.3,
    0.25,
    0.3,
    0.6,
    0.45,
    0.45,
    0.4,
    0.25,
    0.5,
    0.2,
    0.6,
    0.35,
    0.6,
    0.5,
    0.2,
    0.15,
    0.4,
    0.4,
    0.45,
    0.2,
    0.55,
    0.5,
    0.5,
    0.3,
    0.5,
    0.65,
    0.3,
    0.35,
    0.4,
    0.4,
    0.7,
    0.35,
    0.35,
    0.4,
    0.3,
    0.4,
    0.6,
    0.5,
    0.5,
    0.45,
    0.4,
    0.55,
    0.4,
    0.5,
    0.45,
    0.35,
    0.45,
    0.5,
    0.4,
    0.15,
    0.5,
    0.25,
    0.3,
    0.2,
    0.3,
    0.35,
    0.45,
    0.3,
    0.35,
    0.6,
    0.35,
    0.55,
    0.35,
    0.4,
    0.65,
    0.55,
    0.6
  ]
}
