{
  "model_id": "meta-llama/Llama-3.2-3B-Instruct",
  "dataset_name": "arc_challenge",
  "n_questions": 100,
  "n_cot_samples_per_question": 20,
  "mean_match_fraction": 0.21799999999999997,
  "std_match_fraction": 0.3368619895446799,
  "bootstrap_ci_lower": 0.1575,
  "bootstrap_ci_upper": 0.28701249999999995,
  "n_extraction_failures_cot": 1,
  "n_extraction_failures_no_cot": 0,
  "per_question_fractions": [
    0.0,
    0.0,
    1.0,
    1.0,
    0.0,
    0.0,
    0.0,
    0.0,
    0.9,
    1.0,
    0.0,
    0.1,
    0.45,
    1.0,
    0.05,
    0.1,
    0.35,
    0.4,
    0.0,
    1.0,
    0.0,
    1.0,
    1.0,
    0.0,
    0.0,
    0.0,
    0.7,
    0.0,
    0.0,
    0.1,
    0.0,
    0.0,
    0.0,
    0.1,
    0.0,
    0.0,
    0.15,
    0.15,
    0.05,
    0.0,
    0.0,
    0.3,
    0.0,
    0.0,
    0.0,
    0.8,
    0.0,
    0.05,
    0.1,
    0.0,
    0.2,
    1.0,
    0.0,
    0.0,
    0.0,
    0.35,
    0.9,
    0.05,
    0.9,
    0.0,
    0.3,
    0.0,
    0.2,
    0.0,
    0.3,
    0.05,
    1.0,
    0.1,
    0.05,
    0.0,
    0.0,
    0.0,
    0.8,
    0.0,
    0.65,
    0.0,
    0.0,
    0.0,
    0.0,
    0.75,
    0.15,
    0.0,
    0.0,
    0.1,
    0.1,
    0.4,
    0.0,
    0.0,
    0.1,
    0.0,
    0.0,
    0.25,
    0.0,
    0.0,
    0.0,
    0.6,
    0.05,
    0.0,
    0.4,
    0.2
  ]
}
