{
  "model_id": "Qwen/Qwen2.5-14B",
  "dataset_name": "hellaswag",
  "n_questions": 100,
  "n_cot_samples_per_question": 20,
  "mean_match_fraction": 0.402,
  "std_match_fraction": 0.15114893317519645,
  "bootstrap_ci_lower": 0.3719874999999999,
  "bootstrap_ci_upper": 0.4319999999999999,
  "n_extraction_failures_cot": 105,
  "n_extraction_failures_no_cot": 0,
  "per_question_fractions": [
    0.1,
    0.25,
    0.35,
    0.45,
    0.6,
    0.45,
    0.4,
    0.4,
    0.55,
    0.55,
    0.45,
    0.4,
    0.15,
    0.45,
    0.55,
    0.2,
    0.2,
    0.65,
    0.3,
    0.45,
    0.05,
    0.5,
    0.55,
    0.55,
    0.35,
    0.7,
    0.7,
    0.4,
    0.6,
    0.3,
    0.35,
    0.55,
    0.15,
    0.35,
    0.35,
    0.2,
    0.35,
    0.45,
    0.35,
    0.45,
    0.5,
    0.4,
    0.2,
    0.55,
    0.35,
    0.3,
    0.45,
    0.35,
    0.35,
    0.35,
    0.75,
    0.45,
    0.3,
    0.45,
    0.5,
    0.4,
    0.45,
    0.5,
    0.45,
    0.35,
    0.35,
    0.4,
    0.2,
    0.6,
    0.3,
    0.7,
    0.5,
    0.35,
    0.55,
    0.65,
    0.65,
    0.55,
    0.35,
    0.5,
    0.35,
    0.25,
    0.5,
    0.35,
    0.1,
    0.3,
    0.25,
    0.7,
    0.2,
    0.3,
    0.15,
    0.25,
    0.1,
    0.45,
    0.3,
    0.35,
    0.35,
    0.55,
    0.35,
    0.2,
    0.4,
    0.55,
    0.25,
    0.4,
    0.6,
    0.45
  ]
}
