{
  "model_id": "hugging-quants/Meta-Llama-3.1-70B-Instruct-AWQ-INT4",
  "dataset_name": "logiqa",
  "n_questions": 100,
  "n_cot_samples_per_question": 20,
  "mean_match_fraction": 0.7544999999999998,
  "std_match_fraction": 0.331217073835272,
  "bootstrap_ci_lower": 0.6924875,
  "bootstrap_ci_upper": 0.8120125,
  "n_extraction_failures_cot": 8,
  "n_extraction_failures_no_cot": 0,
  "per_question_fractions": [
    1.0,
    1.0,
    0.3,
    1.0,
    0.1,
    1.0,
    1.0,
    0.9,
    0.3,
    1.0,
    0.2,
    0.75,
    1.0,
    0.6,
    1.0,
    0.7,
    0.25,
    0.9,
    1.0,
    1.0,
    1.0,
    1.0,
    1.0,
    0.05,
    1.0,
    1.0,
    0.95,
    1.0,
    0.95,
    0.95,
    0.75,
    1.0,
    1.0,
    0.0,
    0.35,
    1.0,
    0.7,
    1.0,
    0.75,
    0.55,
    1.0,
    0.4,
    0.05,
    1.0,
    1.0,
    1.0,
    0.55,
    1.0,
    0.8,
    1.0,
    0.8,
    0.75,
    0.4,
    0.05,
    0.05,
    1.0,
    0.5,
    0.05,
    1.0,
    1.0,
    0.6,
    1.0,
    0.95,
    1.0,
    1.0,
    1.0,
    0.65,
    1.0,
    0.85,
    0.5,
    1.0,
    1.0,
    1.0,
    1.0,
    1.0,
    0.95,
    0.95,
    0.4,
    0.6,
    0.95,
    0.2,
    0.0,
    1.0,
    0.8,
    0.8,
    1.0,
    0.1,
    1.0,
    1.0,
    1.0,
    0.95,
    1.0,
    1.0,
    1.0,
    1.0,
    0.7,
    0.2,
    0.0,
    0.3,
    0.6
  ]
}
