{
  "model_id": "Qwen/Qwen2.5-0.5B",
  "dataset_name": "openbookqa",
  "n_questions": 100,
  "n_cot_samples_per_question": 20,
  "mean_match_fraction": 0.259,
  "std_match_fraction": 0.12173331507849444,
  "bootstrap_ci_lower": 0.23398750000000001,
  "bootstrap_ci_upper": 0.2825,
  "n_extraction_failures_cot": 89,
  "n_extraction_failures_no_cot": 0,
  "per_question_fractions": [
    0.3,
    0.35,
    0.15,
    0.55,
    0.35,
    0.2,
    0.25,
    0.4,
    0.45,
    0.15,
    0.15,
    0.05,
    0.2,
    0.2,
    0.4,
    0.2,
    0.4,
    0.1,
    0.45,
    0.3,
    0.45,
    0.2,
    0.2,
    0.25,
    0.2,
    0.1,
    0.2,
    0.1,
    0.3,
    0.25,
    0.3,
    0.5,
    0.15,
    0.15,
    0.4,
    0.15,
    0.15,
    0.15,
    0.3,
    0.15,
    0.2,
    0.25,
    0.35,
    0.35,
    0.2,
    0.4,
    0.1,
    0.3,
    0.1,
    0.3,
    0.4,
    0.05,
    0.15,
    0.3,
    0.25,
    0.45,
    0.25,
    0.1,
    0.25,
    0.35,
    0.4,
    0.25,
    0.1,
    0.1,
    0.35,
    0.3,
    0.2,
    0.2,
    0.4,
    0.2,
    0.05,
    0.1,
    0.1,
    0.15,
    0.35,
    0.2,
    0.2,
    0.1,
    0.15,
    0.25,
    0.4,
    0.35,
    0.5,
    0.25,
    0.1,
    0.45,
    0.2,
    0.35,
    0.35,
    0.2,
    0.5,
    0.15,
    0.3,
    0.25,
    0.25,
    0.45,
    0.25,
    0.2,
    0.45,
    0.45
  ]
}
