{
  "model_id": "Qwen/Qwen2.5-3B-Instruct",
  "dataset_name": "logiqa",
  "n_questions": 100,
  "n_cot_samples_per_question": 20,
  "mean_match_fraction": 0.5595,
  "std_match_fraction": 0.32060060823398323,
  "bootstrap_ci_lower": 0.4994875,
  "bootstrap_ci_upper": 0.6214999999999999,
  "n_extraction_failures_cot": 16,
  "n_extraction_failures_no_cot": 0,
  "per_question_fractions": [
    0.15,
    0.9,
    0.2,
    1.0,
    0.0,
    0.45,
    0.15,
    0.05,
    0.35,
    0.95,
    0.1,
    0.1,
    0.8,
    0.95,
    0.9,
    0.3,
    0.9,
    0.4,
    1.0,
    1.0,
    0.8,
    0.65,
    0.75,
    0.4,
    0.45,
    0.5,
    0.45,
    0.05,
    0.3,
    1.0,
    0.35,
    0.2,
    1.0,
    0.8,
    0.45,
    0.45,
    0.75,
    0.95,
    0.05,
    0.15,
    0.15,
    0.3,
    0.15,
    1.0,
    1.0,
    0.85,
    1.0,
    0.95,
    0.65,
    0.8,
    0.5,
    0.0,
    0.45,
    0.0,
    0.15,
    0.5,
    0.5,
    0.55,
    0.55,
    0.65,
    0.75,
    1.0,
    0.2,
    0.95,
    1.0,
    0.75,
    0.55,
    0.85,
    0.7,
    0.5,
    0.05,
    0.9,
    0.35,
    0.6,
    0.3,
    0.8,
    0.4,
    0.7,
    0.9,
    0.2,
    0.55,
    0.35,
    1.0,
    0.85,
    0.05,
    0.8,
    0.3,
    1.0,
    0.5,
    1.0,
    0.55,
    0.85,
    1.0,
    0.8,
    0.5,
    0.15,
    0.4,
    0.15,
    0.45,
    0.4
  ]
}
