{
  "model_id": "Qwen/Qwen2.5-7B-Instruct",
  "dataset_name": "aqua",
  "n_questions": 100,
  "n_cot_samples_per_question": 20,
  "mean_match_fraction": 0.4641414141414141,
  "std_match_fraction": 0.44868159302698446,
  "bootstrap_ci_lower": 0.37522727272727274,
  "bootstrap_ci_upper": 0.5596338383838384,
  "n_extraction_failures_cot": 0,
  "n_extraction_failures_no_cot": 1,
  "per_question_fractions": [
    0.0,
    1.0,
    1.0,
    0.1,
    0.0,
    0.2,
    1.0,
    0.3,
    0.85,
    0.95,
    0.0,
    0.0,
    0.0,
    1.0,
    1.0,
    1.0,
    0.95,
    0.95,
    0.0,
    1.0,
    1.0,
    1.0,
    1.0,
    1.0,
    0.2,
    0.05,
    0.85,
    0.3,
    0.0,
    0.7,
    0.05,
    0.3,
    1.0,
    0.95,
    1.0,
    0.95,
    0.15,
    0.0,
    0.0,
    0.1,
    1.0,
    1.0,
    1.0,
    1.0,
    0.0,
    0.0,
    0.0,
    0.65,
    0.2,
    0.95,
    0.95,
    1.0,
    0.2,
    0.0,
    1.0,
    0.95,
    0.0,
    0.0,
    1.0,
    0.0,
    1.0,
    0.75,
    0.0,
    0.0,
    0.35,
    0.2,
    0.0,
    0.0,
    0.0,
    0.4,
    0.3,
    0.0,
    0.0,
    0.0,
    1.0,
    0.95,
    0.0,
    1.0,
    0.4,
    1.0,
    1.0,
    0.0,
    0.0,
    0.0,
    0.1,
    0.95,
    0.05,
    0.0,
    1.0,
    1.0,
    0.0,
    0.0,
    0.3,
    0.0,
    0.0,
    1.0,
    0.4,
    0.0,
    0.0
  ]
}
