{
  "model_id": "meta-llama/Llama-3.2-1B-Instruct",
  "dataset_name": "arc_challenge",
  "n_questions": 100,
  "n_cot_samples_per_question": 20,
  "mean_match_fraction": 0.2325,
  "std_match_fraction": 0.2481305100143874,
  "bootstrap_ci_lower": 0.18548749999999997,
  "bootstrap_ci_upper": 0.2825,
  "n_extraction_failures_cot": 2,
  "n_extraction_failures_no_cot": 0,
  "per_question_fractions": [
    0.65,
    0.1,
    0.3,
    0.65,
    0.05,
    0.05,
    0.15,
    0.0,
    0.7,
    0.8,
    0.0,
    0.05,
    0.25,
    0.35,
    0.2,
    0.05,
    0.1,
    0.0,
    0.05,
    0.0,
    0.55,
    0.15,
    0.9,
    0.25,
    0.05,
    0.0,
    0.25,
    0.0,
    0.0,
    0.15,
    0.05,
    0.0,
    0.0,
    0.05,
    0.6,
    0.15,
    0.3,
    0.05,
    0.35,
    0.35,
    0.0,
    0.5,
    0.0,
    0.35,
    0.0,
    0.45,
    0.05,
    0.0,
    0.0,
    0.05,
    0.25,
    0.95,
    0.75,
    0.0,
    0.1,
    0.55,
    0.35,
    0.0,
    0.4,
    0.35,
    0.1,
    0.15,
    0.25,
    0.0,
    0.55,
    0.5,
    0.25,
    0.0,
    0.35,
    0.05,
    0.2,
    0.0,
    0.75,
    0.15,
    0.7,
    0.0,
    0.0,
    0.0,
    0.1,
    0.95,
    0.2,
    0.35,
    0.05,
    0.15,
    0.35,
    0.05,
    0.1,
    0.6,
    0.25,
    0.1,
    0.15,
    0.2,
    0.05,
    0.3,
    0.0,
    0.55,
    0.45,
    0.05,
    0.2,
    0.25
  ]
}
