{
  "model_id": "Qwen/Qwen2.5-1.5B-Instruct",
  "dataset_name": "hellaswag",
  "n_questions": 100,
  "n_cot_samples_per_question": 20,
  "mean_match_fraction": 0.262,
  "std_match_fraction": 0.3050508154390019,
  "bootstrap_ci_lower": 0.20500000000000004,
  "bootstrap_ci_upper": 0.32,
  "n_extraction_failures_cot": 1,
  "n_extraction_failures_no_cot": 0,
  "per_question_fractions": [
    0.0,
    0.0,
    0.7,
    0.0,
    0.1,
    0.0,
    0.15,
    0.0,
    0.3,
    0.0,
    0.05,
    0.65,
    0.25,
    0.5,
    0.1,
    0.3,
    0.45,
    0.2,
    0.1,
    0.0,
    0.0,
    0.0,
    0.45,
    0.1,
    0.05,
    0.15,
    0.15,
    0.0,
    0.95,
    0.0,
    0.0,
    0.05,
    0.25,
    0.0,
    0.0,
    0.55,
    0.35,
    0.4,
    0.2,
    0.35,
    0.7,
    0.1,
    0.1,
    0.0,
    0.25,
    0.2,
    0.1,
    0.85,
    0.0,
    0.0,
    0.9,
    0.0,
    0.1,
    0.95,
    0.0,
    1.0,
    0.85,
    0.15,
    0.15,
    0.9,
    0.25,
    0.0,
    0.75,
    0.0,
    0.6,
    0.7,
    0.7,
    0.0,
    0.05,
    0.15,
    0.0,
    0.7,
    0.0,
    0.2,
    0.35,
    0.45,
    0.05,
    0.3,
    0.0,
    0.05,
    0.55,
    0.15,
    0.0,
    0.2,
    1.0,
    0.4,
    0.05,
    0.05,
    0.2,
    0.0,
    0.15,
    0.6,
    0.1,
    0.15,
    0.1,
    1.0,
    0.1,
    0.0,
    0.95,
    0.0
  ]
}
