{
  "model_id": "Qwen/Qwen2.5-0.5B-Instruct",
  "dataset_name": "hellaswag",
  "n_questions": 100,
  "n_cot_samples_per_question": 20,
  "mean_match_fraction": 0.2665,
  "std_match_fraction": 0.18235336574903135,
  "bootstrap_ci_lower": 0.23250000000000004,
  "bootstrap_ci_upper": 0.3055124999999999,
  "n_extraction_failures_cot": 4,
  "n_extraction_failures_no_cot": 0,
  "per_question_fractions": [
    0.35,
    0.15,
    0.65,
    0.0,
    0.1,
    0.05,
    0.25,
    0.2,
    0.35,
    0.15,
    0.3,
    0.1,
    0.2,
    0.1,
    0.05,
    0.2,
    0.15,
    0.1,
    0.55,
    0.2,
    0.15,
    0.3,
    0.2,
    0.15,
    0.2,
    0.35,
    0.45,
    0.7,
    0.35,
    0.05,
    0.35,
    0.4,
    0.1,
    0.15,
    0.4,
    0.25,
    0.25,
    0.1,
    0.25,
    0.15,
    0.15,
    0.25,
    0.15,
    0.2,
    0.65,
    0.25,
    0.05,
    0.6,
    0.7,
    0.15,
    0.4,
    0.2,
    0.6,
    0.6,
    0.55,
    0.6,
    0.45,
    0.3,
    0.45,
    0.1,
    0.1,
    0.35,
    0.2,
    0.2,
    0.05,
    0.1,
    0.1,
    0.15,
    0.35,
    0.1,
    0.0,
    0.3,
    0.35,
    0.2,
    0.45,
    0.25,
    0.1,
    0.3,
    0.3,
    0.15,
    0.3,
    0.15,
    0.0,
    0.2,
    0.1,
    0.05,
    0.3,
    0.15,
    0.35,
    0.8,
    0.15,
    0.55,
    0.15,
    0.1,
    0.6,
    0.6,
    0.3,
    0.4,
    0.3,
    0.1
  ]
}
