{
  "model_id": "Qwen/Qwen2.5-3B-Instruct",
  "dataset_name": "openbookqa",
  "n_questions": 100,
  "n_cot_samples_per_question": 20,
  "mean_match_fraction": 0.20200000000000004,
  "std_match_fraction": 0.352769046261148,
  "bootstrap_ci_lower": 0.1349875,
  "bootstrap_ci_upper": 0.26849999999999996,
  "n_extraction_failures_cot": 10,
  "n_extraction_failures_no_cot": 0,
  "per_question_fractions": [
    0.0,
    0.0,
    0.0,
    0.0,
    0.8,
    0.0,
    0.0,
    1.0,
    0.2,
    0.1,
    0.1,
    0.25,
    0.05,
    0.0,
    0.0,
    0.7,
    0.0,
    0.2,
    0.85,
    0.0,
    0.0,
    0.0,
    0.0,
    0.0,
    0.05,
    0.0,
    0.0,
    0.0,
    0.0,
    1.0,
    0.0,
    1.0,
    0.0,
    0.75,
    0.0,
    0.0,
    0.05,
    0.0,
    0.0,
    0.3,
    0.0,
    0.0,
    0.0,
    1.0,
    0.0,
    1.0,
    0.0,
    0.0,
    0.4,
    0.0,
    0.0,
    0.0,
    0.0,
    0.0,
    0.0,
    0.7,
    0.0,
    0.0,
    0.0,
    0.0,
    0.0,
    0.95,
    1.0,
    0.0,
    1.0,
    0.0,
    0.0,
    1.0,
    0.0,
    0.0,
    0.0,
    0.0,
    0.15,
    0.0,
    0.05,
    0.25,
    0.05,
    0.0,
    0.0,
    1.0,
    0.2,
    0.6,
    0.95,
    0.0,
    0.0,
    0.2,
    0.0,
    0.0,
    1.0,
    0.0,
    0.55,
    0.0,
    0.0,
    0.0,
    0.0,
    0.0,
    0.0,
    0.0,
    0.75,
    0.0
  ]
}
