{
  "model_id": "Qwen/Qwen2.5-1.5B-Instruct",
  "dataset_name": "logiqa",
  "n_questions": 100,
  "n_cot_samples_per_question": 20,
  "mean_match_fraction": 0.457,
  "std_match_fraction": 0.27386310448835566,
  "bootstrap_ci_lower": 0.4099875,
  "bootstrap_ci_upper": 0.51,
  "n_extraction_failures_cot": 2,
  "n_extraction_failures_no_cot": 0,
  "per_question_fractions": [
    0.35,
    0.8,
    0.1,
    0.9,
    0.95,
    0.35,
    0.3,
    0.25,
    0.4,
    0.85,
    0.25,
    0.9,
    0.5,
    0.9,
    0.5,
    0.75,
    0.6,
    0.55,
    0.75,
    0.05,
    0.5,
    0.5,
    0.6,
    0.1,
    0.55,
    0.2,
    0.25,
    0.75,
    0.35,
    0.2,
    0.5,
    0.05,
    0.75,
    0.1,
    0.35,
    0.35,
    0.5,
    0.8,
    0.05,
    0.3,
    0.3,
    0.2,
    0.5,
    0.7,
    0.9,
    0.95,
    0.45,
    0.9,
    0.7,
    0.3,
    0.3,
    0.65,
    0.3,
    0.65,
    0.2,
    0.0,
    0.5,
    0.1,
    0.5,
    0.75,
    0.0,
    0.85,
    0.35,
    0.0,
    0.3,
    0.3,
    0.15,
    0.65,
    0.1,
    0.4,
    0.55,
    0.75,
    0.8,
    0.55,
    0.05,
    0.85,
    0.1,
    0.05,
    0.85,
    0.25,
    0.35,
    0.5,
    0.4,
    0.75,
    0.65,
    0.3,
    0.35,
    0.85,
    0.1,
    0.95,
    0.15,
    0.6,
    0.4,
    0.55,
    0.25,
    0.65,
    0.6,
    0.6,
    0.1,
    0.1
  ]
}
