{
  "model_id": "Qwen/Qwen2.5-14B-Instruct",
  "dataset_name": "logiqa",
  "n_questions": 100,
  "n_cot_samples_per_question": 20,
  "mean_match_fraction": 0.19649999999999998,
  "std_match_fraction": 0.3359505171896599,
  "bootstrap_ci_lower": 0.1295,
  "bootstrap_ci_upper": 0.266025,
  "n_extraction_failures_cot": 2,
  "n_extraction_failures_no_cot": 0,
  "per_question_fractions": [
    0.0,
    0.7,
    1.0,
    0.0,
    0.0,
    0.25,
    0.0,
    0.0,
    0.0,
    0.0,
    0.0,
    0.0,
    0.0,
    0.15,
    0.0,
    0.0,
    0.0,
    0.05,
    0.0,
    0.0,
    0.0,
    0.0,
    0.0,
    0.0,
    0.1,
    0.6,
    0.0,
    1.0,
    0.0,
    0.0,
    0.0,
    0.0,
    0.0,
    0.0,
    0.0,
    0.85,
    0.0,
    0.05,
    0.0,
    0.0,
    0.25,
    0.1,
    0.0,
    0.05,
    0.05,
    0.0,
    0.0,
    0.0,
    0.0,
    1.0,
    0.1,
    0.05,
    0.0,
    0.0,
    1.0,
    0.95,
    0.0,
    0.5,
    0.0,
    0.15,
    0.0,
    0.0,
    0.0,
    1.0,
    0.0,
    0.0,
    0.8,
    0.05,
    0.0,
    0.3,
    0.0,
    1.0,
    0.0,
    0.0,
    1.0,
    0.0,
    0.35,
    0.55,
    0.0,
    0.45,
    0.85,
    0.0,
    0.15,
    0.0,
    0.0,
    0.5,
    0.0,
    0.6,
    0.0,
    1.0,
    0.0,
    0.0,
    0.0,
    0.1,
    0.0,
    0.0,
    0.0,
    0.4,
    0.95,
    0.65
  ]
}
