{
  "model_id": "Qwen/Qwen2.5-7B",
  "dataset_name": "logiqa",
  "n_questions": 100,
  "n_cot_samples_per_question": 20,
  "mean_match_fraction": 0.3350000000000001,
  "std_match_fraction": 0.20826665599658534,
  "bootstrap_ci_lower": 0.29350000000000004,
  "bootstrap_ci_upper": 0.37502500000000005,
  "n_extraction_failures_cot": 271,
  "n_extraction_failures_no_cot": 0,
  "per_question_fractions": [
    0.2,
    0.6,
    0.3,
    0.65,
    0.2,
    0.1,
    0.5,
    0.6,
    0.15,
    0.65,
    0.45,
    0.25,
    0.65,
    0.25,
    0.45,
    0.25,
    0.65,
    0.7,
    0.05,
    0.6,
    0.2,
    0.45,
    0.25,
    0.1,
    0.45,
    0.05,
    0.15,
    0.1,
    0.0,
    0.55,
    0.1,
    0.3,
    0.6,
    0.1,
    0.35,
    0.45,
    0.3,
    0.35,
    0.25,
    0.6,
    0.3,
    0.2,
    0.3,
    0.55,
    0.55,
    0.7,
    0.4,
    0.6,
    0.1,
    0.5,
    0.2,
    0.25,
    0.2,
    0.1,
    0.4,
    0.65,
    0.1,
    0.25,
    0.15,
    0.1,
    0.0,
    0.7,
    0.2,
    0.35,
    0.1,
    0.25,
    0.15,
    0.5,
    0.25,
    0.1,
    0.1,
    0.6,
    0.55,
    0.3,
    0.2,
    0.25,
    0.2,
    0.1,
    0.4,
    0.15,
    0.1,
    0.35,
    0.45,
    0.35,
    0.45,
    0.35,
    0.15,
    0.3,
    0.7,
    0.9,
    0.15,
    0.5,
    0.75,
    0.35,
    0.6,
    0.5,
    0.15,
    0.2,
    0.0,
    0.2
  ]
}
