{
  "model_id": "Qwen/Qwen2.5-7B-Instruct",
  "dataset_name": "hellaswag",
  "n_questions": 100,
  "n_cot_samples_per_question": 20,
  "mean_match_fraction": 0.24949999999999994,
  "std_match_fraction": 0.3777892931251493,
  "bootstrap_ci_lower": 0.17246250000000002,
  "bootstrap_ci_upper": 0.3295,
  "n_extraction_failures_cot": 0,
  "n_extraction_failures_no_cot": 0,
  "per_question_fractions": [
    0.0,
    0.0,
    0.1,
    0.0,
    0.0,
    0.0,
    0.0,
    0.0,
    0.0,
    0.0,
    0.0,
    1.0,
    0.0,
    0.5,
    0.0,
    0.0,
    0.0,
    0.6,
    0.3,
    0.8,
    0.0,
    0.0,
    0.7,
    0.1,
    0.0,
    0.0,
    0.6,
    1.0,
    1.0,
    0.7,
    0.0,
    0.0,
    0.9,
    0.0,
    0.8,
    0.0,
    0.0,
    0.85,
    0.15,
    0.0,
    1.0,
    0.0,
    0.0,
    0.0,
    0.0,
    0.0,
    0.0,
    0.0,
    0.0,
    1.0,
    0.95,
    1.0,
    1.0,
    1.0,
    0.0,
    0.0,
    0.0,
    0.0,
    0.0,
    0.0,
    0.0,
    0.0,
    0.0,
    0.0,
    0.0,
    0.05,
    0.8,
    0.0,
    0.7,
    0.2,
    0.1,
    0.4,
    0.0,
    0.0,
    0.65,
    0.6,
    0.0,
    0.8,
    0.0,
    0.0,
    0.0,
    1.0,
    0.0,
    0.2,
    1.0,
    0.05,
    0.0,
    0.0,
    0.0,
    0.0,
    0.0,
    0.1,
    0.0,
    0.0,
    0.0,
    0.85,
    0.0,
    0.0,
    1.0,
    0.4
  ]
}
