{
  "model_id": "Qwen/Qwen2.5-1.5B",
  "dataset_name": "aqua",
  "n_questions": 100,
  "n_cot_samples_per_question": 20,
  "mean_match_fraction": 0.1925,
  "std_match_fraction": 0.08466847110938049,
  "bootstrap_ci_lower": 0.176,
  "bootstrap_ci_upper": 0.20801250000000002,
  "n_extraction_failures_cot": 98,
  "n_extraction_failures_no_cot": 0,
  "per_question_fractions": [
    0.2,
    0.2,
    0.25,
    0.25,
    0.1,
    0.35,
    0.3,
    0.35,
    0.2,
    0.1,
    0.35,
    0.3,
    0.15,
    0.1,
    0.15,
    0.25,
    0.3,
    0.25,
    0.25,
    0.2,
    0.2,
    0.15,
    0.25,
    0.1,
    0.15,
    0.15,
    0.2,
    0.2,
    0.05,
    0.15,
    0.25,
    0.4,
    0.2,
    0.3,
    0.2,
    0.35,
    0.05,
    0.2,
    0.05,
    0.4,
    0.15,
    0.05,
    0.15,
    0.15,
    0.2,
    0.2,
    0.15,
    0.1,
    0.0,
    0.15,
    0.2,
    0.2,
    0.3,
    0.35,
    0.25,
    0.2,
    0.2,
    0.1,
    0.25,
    0.3,
    0.1,
    0.2,
    0.15,
    0.15,
    0.3,
    0.25,
    0.35,
    0.1,
    0.25,
    0.1,
    0.2,
    0.15,
    0.2,
    0.15,
    0.15,
    0.2,
    0.05,
    0.15,
    0.1,
    0.25,
    0.15,
    0.1,
    0.15,
    0.3,
    0.25,
    0.15,
    0.1,
    0.15,
    0.15,
    0.15,
    0.1,
    0.2,
    0.3,
    0.15,
    0.1,
    0.1,
    0.25,
    0.3,
    0.1,
    0.2
  ]
}
