{
  "model_id": "Qwen/Qwen2.5-7B",
  "dataset_name": "arc_challenge",
  "n_questions": 100,
  "n_cot_samples_per_question": 20,
  "mean_match_fraction": 0.3414141414141414,
  "std_match_fraction": 0.16376880785510722,
  "bootstrap_ci_lower": 0.31060606060606066,
  "bootstrap_ci_upper": 0.37376262626262624,
  "n_extraction_failures_cot": 148,
  "n_extraction_failures_no_cot": 1,
  "per_question_fractions": [
    0.3,
    0.25,
    0.3,
    0.5,
    0.4,
    0.2,
    0.65,
    0.6,
    0.55,
    0.2,
    0.0,
    0.15,
    0.45,
    0.2,
    0.45,
    0.35,
    0.45,
    0.45,
    0.7,
    0.55,
    0.35,
    0.25,
    0.25,
    0.45,
    0.35,
    0.35,
    0.55,
    0.25,
    0.45,
    0.25,
    0.35,
    0.45,
    0.15,
    0.25,
    0.05,
    0.3,
    0.45,
    0.2,
    0.85,
    0.25,
    0.45,
    0.3,
    0.4,
    0.2,
    0.45,
    0.2,
    0.1,
    0.55,
    0.25,
    0.4,
    0.4,
    0.5,
    0.0,
    0.2,
    0.3,
    0.6,
    0.4,
    0.2,
    0.7,
    0.1,
    0.2,
    0.1,
    0.15,
    0.4,
    0.2,
    0.3,
    0.3,
    0.3,
    0.6,
    0.4,
    0.35,
    0.4,
    0.3,
    0.25,
    0.3,
    0.6,
    0.3,
    0.45,
    0.4,
    0.25,
    0.3,
    0.15,
    0.05,
    0.25,
    0.35,
    0.35,
    0.15,
    0.25,
    0.15,
    0.5,
    0.2,
    0.25,
    0.55,
    0.35,
    0.55,
    0.5,
    0.4,
    0.15,
    0.6
  ]
}
