{
  "model_id": "Qwen/Qwen2.5-32B",
  "dataset_name": "logiqa",
  "n_questions": 100,
  "n_cot_samples_per_question": 20,
  "mean_match_fraction": 0.40800000000000003,
  "std_match_fraction": 0.19166637681137502,
  "bootstrap_ci_lower": 0.36998749999999997,
  "bootstrap_ci_upper": 0.44601250000000003,
  "n_extraction_failures_cot": 261,
  "n_extraction_failures_no_cot": 0,
  "per_question_fractions": [
    0.05,
    0.4,
    0.35,
    0.5,
    0.45,
    0.3,
    0.55,
    0.5,
    0.35,
    0.55,
    0.35,
    0.35,
    0.75,
    0.3,
    0.45,
    0.3,
    0.5,
    0.4,
    0.75,
    0.65,
    0.4,
    0.65,
    0.7,
    0.45,
    0.45,
    0.25,
    0.05,
    0.6,
    0.5,
    0.15,
    0.2,
    0.5,
    0.5,
    0.4,
    0.45,
    0.7,
    0.35,
    0.2,
    0.3,
    0.8,
    0.0,
    0.25,
    0.35,
    0.75,
    0.5,
    0.65,
    0.25,
    0.65,
    0.35,
    0.35,
    0.15,
    0.35,
    0.15,
    0.5,
    0.5,
    0.45,
    0.25,
    0.15,
    0.4,
    0.65,
    0.15,
    0.45,
    0.1,
    0.45,
    0.6,
    0.7,
    0.15,
    0.8,
    0.5,
    0.3,
    0.25,
    0.35,
    0.75,
    0.2,
    0.6,
    0.2,
    0.4,
    0.3,
    0.65,
    0.1,
    0.1,
    0.3,
    0.55,
    0.35,
    0.15,
    0.55,
    0.3,
    0.45,
    0.5,
    0.6,
    0.2,
    0.55,
    0.55,
    0.05,
    0.6,
    0.6,
    0.5,
    0.3,
    0.2,
    0.35
  ]
}
